-- phpMyAdmin SQL Dump
-- version 3.3.9
-- http://www.phpmyadmin.net
--
-- Host: localhost
-- Czas wygenerowania: 26 Wrz 2014, 10:07
-- Wersja serwera: 5.5.8
-- Wersja PHP: 5.3.5

SET SQL_MODE="NO_AUTO_VALUE_ON_ZERO";


/*!40101 SET @OLD_CHARACTER_SET_CLIENT=@@CHARACTER_SET_CLIENT */;
/*!40101 SET @OLD_CHARACTER_SET_RESULTS=@@CHARACTER_SET_RESULTS */;
/*!40101 SET @OLD_COLLATION_CONNECTION=@@COLLATION_CONNECTION */;
/*!40101 SET NAMES utf8 */;

--
-- Baza danych: `przychodnia2`
--

-- --------------------------------------------------------

--
-- Struktura tabeli dla  `doctor`
--

CREATE TABLE IF NOT EXISTS `doctor` (
  `id` int(11) NOT NULL AUTO_INCREMENT,
  `user_id` int(11) NOT NULL,
  PRIMARY KEY (`id`),
  KEY `doctor_user_FK` (`user_id`)
) ENGINE=InnoDB  DEFAULT CHARSET=utf8 COLLATE=utf8_bin AUTO_INCREMENT=20 ;

--
-- Zrzut danych tabeli `doctor`
--

INSERT INTO `doctor` (`id`, `user_id`) VALUES
(1, 100),
(2, 101),
(3, 102),
(4, 103),
(5, 104),
(6, 105),
(7, 106),
(8, 107),
(9, 108),
(10, 109),
(11, 110),
(12, 111),
(13, 112),
(14, 113),
(15, 114),
(16, 115),
(17, 116),
(18, 117),
(19, 118);

-- --------------------------------------------------------

--
-- Struktura tabeli dla  `menu`
--

CREATE TABLE IF NOT EXISTS `menu` (
  `id` int(11) NOT NULL AUTO_INCREMENT,
  `title` varchar(100) COLLATE utf8_bin NOT NULL,
  `url` varchar(300) COLLATE utf8_bin NOT NULL,
  PRIMARY KEY (`id`)
) ENGINE=InnoDB  DEFAULT CHARSET=utf8 COLLATE=utf8_bin AUTO_INCREMENT=8 ;

--
-- Zrzut danych tabeli `menu`
--

INSERT INTO `menu` (`id`, `title`, `url`) VALUES
(1, 'Wizyty', '/Przychodnia/visit/'),
(2, 'Lekarze', '/Przychodnia/doctors/'),
(3, 'Pacjenci', '/Przychodnia/patients/'),
(4, 'Pomieszczenia', '/Przychodnia/room/'),
(5, 'Użytkownicy', '/Przychodnia/users/'),
(7, 'Statystyki', '/Przychodnia/stats/');

-- --------------------------------------------------------

--
-- Struktura tabeli dla  `menu_role`
--

CREATE TABLE IF NOT EXISTS `menu_role` (
  `id` int(11) NOT NULL AUTO_INCREMENT,
  `menu_id` int(11) NOT NULL,
  `role_id` int(11) NOT NULL,
  PRIMARY KEY (`id`),
  KEY `menu_id` (`menu_id`),
  KEY `role_id` (`role_id`)
) ENGINE=InnoDB  DEFAULT CHARSET=utf8 COLLATE=utf8_bin AUTO_INCREMENT=21 ;

--
-- Zrzut danych tabeli `menu_role`
--

INSERT INTO `menu_role` (`id`, `menu_id`, `role_id`) VALUES
(1, 1, 1),
(2, 2, 1),
(3, 3, 1),
(4, 4, 1),
(5, 5, 1),
(6, 7, 1),
(7, 1, 2),
(8, 3, 2),
(9, 7, 2),
(10, 1, 3),
(11, 3, 3),
(12, 7, 3),
(13, 1, 4),
(14, 3, 4),
(15, 7, 4),
(16, 2, 5),
(17, 3, 5),
(18, 4, 5),
(19, 5, 5);

-- --------------------------------------------------------

--
-- Struktura tabeli dla  `patient`
--

CREATE TABLE IF NOT EXISTS `patient` (
  `id` int(11) NOT NULL AUTO_INCREMENT,
  `user_id` int(11) NOT NULL,
  `pesel` varchar(11) COLLATE utf8_bin NOT NULL,
  PRIMARY KEY (`id`),
  KEY `patient_user_FK` (`user_id`)
) ENGINE=InnoDB  DEFAULT CHARSET=utf8 COLLATE=utf8_bin AUTO_INCREMENT=89 ;

--
-- Zrzut danych tabeli `patient`
--

INSERT INTO `patient` (`id`, `user_id`, `pesel`) VALUES
(3, 59, ''),
(4, 60, ''),
(5, 61, ''),
(6, 62, ''),
(7, 63, ''),
(8, 64, ''),
(9, 65, ''),
(10, 66, ''),
(11, 67, ''),
(12, 68, ''),
(13, 69, ''),
(14, 70, ''),
(15, 71, ''),
(16, 72, ''),
(17, 73, ''),
(18, 74, ''),
(19, 75, ''),
(20, 76, ''),
(21, 77, ''),
(22, 78, ''),
(23, 79, ''),
(24, 80, ''),
(25, 81, ''),
(26, 82, ''),
(27, 83, ''),
(28, 84, ''),
(29, 85, ''),
(30, 86, ''),
(31, 87, ''),
(32, 88, ''),
(33, 89, ''),
(34, 90, ''),
(35, 91, ''),
(36, 92, ''),
(37, 93, ''),
(38, 94, ''),
(39, 95, ''),
(40, 96, ''),
(41, 97, ''),
(42, 98, ''),
(43, 99, ''),
(44, 119, '35061014172'),
(45, 120, '80042173463'),
(46, 121, '47123070299'),
(47, 122, '92022000197'),
(48, 123, '28111942806'),
(49, 124, '86092221125'),
(50, 125, '90113034654'),
(51, 126, '52042424146'),
(52, 127, '91090893836'),
(53, 128, '62040657037'),
(54, 129, '43080825712'),
(55, 130, '75122509579'),
(56, 131, '54020154391'),
(57, 132, '37022602536'),
(58, 133, '65041243001'),
(59, 134, '43122408013'),
(60, 135, '91010148112'),
(61, 136, '48050122361'),
(62, 137, '33110681061'),
(63, 138, '94052018102'),
(64, 139, '85102604936'),
(65, 140, '60091272382'),
(66, 141, '36100893176'),
(67, 142, '29090155533'),
(68, 143, '52072404754'),
(69, 144, '89040214628'),
(70, 145, '75080316136'),
(71, 146, '88063015436'),
(72, 147, '38031893964'),
(73, 148, '65092294803'),
(74, 149, '39110370501'),
(75, 150, '35101993557'),
(76, 151, '45051109247'),
(77, 152, '93050221367'),
(78, 153, '64092911181'),
(79, 154, '45050525330'),
(80, 155, '72100164818'),
(81, 156, '40112401168'),
(82, 157, '31040740726'),
(83, 158, '59123144751'),
(84, 159, '39072559738'),
(85, 160, '89010387244'),
(86, 161, '30053156472'),
(87, 162, '33122932265'),
(88, 163, '48102782510');

-- --------------------------------------------------------

--
-- Struktura tabeli dla  `permission`
--

CREATE TABLE IF NOT EXISTS `permission` (
  `id` int(11) NOT NULL AUTO_INCREMENT,
  `name` int(11) NOT NULL,
  PRIMARY KEY (`id`)
) ENGINE=InnoDB DEFAULT CHARSET=utf8 COLLATE=utf8_bin AUTO_INCREMENT=1 ;

--
-- Zrzut danych tabeli `permission`
--


-- --------------------------------------------------------

--
-- Struktura tabeli dla  `permission_role`
--

CREATE TABLE IF NOT EXISTS `permission_role` (
  `id` int(11) NOT NULL AUTO_INCREMENT,
  `role_id` int(11) NOT NULL,
  `permission_id` int(11) NOT NULL,
  PRIMARY KEY (`id`),
  KEY `permission_role_role_FK` (`role_id`),
  KEY `permission_role_permission_FK` (`permission_id`)
) ENGINE=InnoDB DEFAULT CHARSET=utf8 COLLATE=utf8_bin AUTO_INCREMENT=1 ;

--
-- Zrzut danych tabeli `permission_role`
--


-- --------------------------------------------------------

--
-- Struktura tabeli dla  `role`
--

CREATE TABLE IF NOT EXISTS `role` (
  `id` int(11) NOT NULL AUTO_INCREMENT,
  `name` varchar(255) COLLATE utf8_bin NOT NULL,
  PRIMARY KEY (`id`)
) ENGINE=InnoDB  DEFAULT CHARSET=utf8 COLLATE=utf8_bin AUTO_INCREMENT=6 ;

--
-- Zrzut danych tabeli `role`
--

INSERT INTO `role` (`id`, `name`) VALUES
(1, 'admin'),
(2, 'doctor'),
(3, 'nurce'),
(4, 'patient'),
(5, 'room_master');

-- --------------------------------------------------------

--
-- Struktura tabeli dla  `room`
--

CREATE TABLE IF NOT EXISTS `room` (
  `id` int(11) NOT NULL AUTO_INCREMENT,
  `number` varchar(10) COLLATE utf8_bin NOT NULL,
  `name` varchar(30) COLLATE utf8_bin NOT NULL,
  `description` varchar(255) COLLATE utf8_bin NOT NULL,
  PRIMARY KEY (`id`)
) ENGINE=InnoDB  DEFAULT CHARSET=utf8 COLLATE=utf8_bin AUTO_INCREMENT=5 ;

--
-- Zrzut danych tabeli `room`
--

INSERT INTO `room` (`id`, `number`, `name`, `description`) VALUES
(1, '100', 'pomieszczenie A', 'tralalala'),
(2, '989', 'Pomieszczenie B', 'kjhgkghkghj'),
(3, '76575675', 'Pomieszczenie C', 'dgfdgfd'),
(4, '767', 'Pomieszczenie D', '7ffff');

-- --------------------------------------------------------

--
-- Struktura tabeli dla  `user`
--

CREATE TABLE IF NOT EXISTS `user` (
  `id` int(11) NOT NULL AUTO_INCREMENT,
  `name` varchar(30) COLLATE utf8_bin NOT NULL,
  `surname` varchar(255) COLLATE utf8_bin NOT NULL,
  `login` varchar(30) COLLATE utf8_bin NOT NULL,
  `password` varchar(60) COLLATE utf8_bin NOT NULL,
  `email` varchar(255) COLLATE utf8_bin NOT NULL,
  `role_id` int(11) NOT NULL,
  PRIMARY KEY (`id`),
  KEY `user_role_FK` (`role_id`)
) ENGINE=InnoDB  DEFAULT CHARSET=utf8 COLLATE=utf8_bin AUTO_INCREMENT=171 ;

--
-- Zrzut danych tabeli `user`
--

INSERT INTO `user` (`id`, `name`, `surname`, `login`, `password`, `email`, `role_id`) VALUES
(45, 'Borys', 'Michalski', 'BorysMichalski@armyspy.com', '123', 'BorysMichalski@armyspy.com', 2),
(46, 'Jowita', 'Wieczorek', 'JowitaWieczorek@dayrep.com', '123', 'JowitaWieczorek@dayrep.com', 2),
(47, 'Anka', 'Ostrowska', 'AnkaOstrowska@armyspy.com', '123', 'AnkaOstrowska@armyspy.com', 2),
(48, 'Judyta', 'Czarnecka', 'JudytaCzarnecka@armyspy.com', '123', 'JudytaCzarnecka@armyspy.com', 2),
(49, 'Jarosława', 'Nowicka', 'JarosawaNowicka@teleworm.us', '123', 'JarosawaNowicka@teleworm.us', 2),
(50, 'Gabrysz', 'Borkowski', 'GabryszBorkowski@teleworm.us', '123', 'GabryszBorkowski@teleworm.us', 2),
(51, 'Genowefa', 'Pawłowska', 'GenowefaPawowska@rhyta.com', '123', 'GenowefaPawowska@rhyta.com', 2),
(52, 'Adrianna', 'Zawadzka', 'AdriannaZawadzka@rhyta.com', '123', 'AdriannaZawadzka@rhyta.com', 2),
(53, 'Henryka', 'Michalska', 'HenrykaMichalska@rhyta.com', '123', 'HenrykaMichalska@rhyta.com', 2),
(54, 'Nadzieja', 'Kucharska', 'NadziejaKucharska@dayrep.com', '123', 'NadziejaKucharska@dayrep.com', 2),
(55, 'Gabryjel', 'Kowalski', 'GabryjelKowalski@dayrep.com', '123', 'GabryjelKowalski@dayrep.com', 2),
(56, 'Wisia', 'Nowicka', 'WisiaNowicka@dayrep.com', '123', 'WisiaNowicka@dayrep.com', 2),
(57, 'Mirosława', 'Kalinowska', 'MirosawaKalinowska@teleworm.us', '123', 'MirosawaKalinowska@teleworm.us', 2),
(58, 'Korneli', 'Kowalski', 'KorneliKowalski@teleworm.us', '123', 'KorneliKowalski@teleworm.us', 2),
(59, 'Elżbieta', 'Gorska', 'ElbietaGorska@rhyta.com', '123', 'ElbietaGorska@rhyta.com', 2),
(60, 'Antoni', 'Kamiński', 'AntoniKamiski@teleworm.us', '123', 'AntoniKamiski@teleworm.us', 2),
(61, 'Kunegunda', 'Nowak', 'KunegundaNowak@teleworm.us', '123', 'KunegundaNowak@teleworm.us', 2),
(62, 'Justyn', 'Czarnecki', 'JustynCzarnecki@armyspy.com', '123', 'JustynCzarnecki@armyspy.com', 2),
(63, 'Wacława', 'Tomaszewska', 'WacawaTomaszewska@teleworm.us', '123', 'WacawaTomaszewska@teleworm.us', 2),
(64, 'Asia', 'Dąbrowski', 'AsiaDbrowski@armyspy.com', '123', 'AsiaDbrowski@armyspy.com', 2),
(65, 'Matylda', 'Nowak', 'MatyldaNowak@armyspy.com', '123', 'MatyldaNowak@armyspy.com', 2),
(66, 'Wacława', 'Piotrowska', 'WacawaPiotrowska@teleworm.us', '123', 'WacawaPiotrowska@teleworm.us', 2),
(67, 'Miron', 'Zawadzki', 'MironZawadzki@teleworm.us', '123', 'MironZawadzki@teleworm.us', 2),
(68, 'Wiktor', 'Pawlak', 'WiktorPawlak@jourrapide.com', '123', 'WiktorPawlak@jourrapide.com', 2),
(69, 'Zuzanna', 'Kamińska', 'ZuzannaKamiska@jourrapide.com', '123', 'ZuzannaKamiska@jourrapide.com', 2),
(70, 'Jadzia', 'Ostrowska', 'JadziaOstrowska@armyspy.com', '123', 'JadziaOstrowska@armyspy.com', 2),
(71, 'Klaudiusz', 'Wieczorek', 'KlaudiuszWieczorek@armyspy.com', '123', 'KlaudiuszWieczorek@armyspy.com', 2),
(72, 'Wojtek', 'Pawlak', 'WojtekPawlak@rhyta.com', '123', 'WojtekPawlak@rhyta.com', 2),
(73, 'Brygida', 'Pawłowska', 'BrygidaPawowska@armyspy.com', '123', 'BrygidaPawowska@armyspy.com', 2),
(74, 'Krysia', 'Nowakowska', 'KrysiaNowakowska@teleworm.us', '123', 'KrysiaNowakowska@teleworm.us', 2),
(75, 'Przemek', 'Tomaszewski', 'PrzemekTomaszewski@teleworm.us', '123', 'PrzemekTomaszewski@teleworm.us', 2),
(76, 'Wisia', 'Kucharska', 'WisiaKucharska@armyspy.com', '123', 'WisiaKucharska@armyspy.com', 2),
(77, 'Roksana', 'Grabowska', 'RoksanaGrabowska@dayrep.com', '123', 'RoksanaGrabowska@dayrep.com', 2),
(78, 'Jurek', 'Jabłoński', 'JurekJaboski@jourrapide.com', '123', 'JurekJaboski@jourrapide.com', 2),
(79, 'Brygida', 'Wiśniewska', 'BrygidaWiniewska@dayrep.com', '123', 'BrygidaWiniewska@dayrep.com', 2),
(80, 'Antoni', 'Pawłowski', 'AntoniPawowski@dayrep.com', '123', 'AntoniPawowski@dayrep.com', 2),
(81, 'Ludmita', 'Wysocka', 'LudmitaWysocka@rhyta.com', '123', 'LudmitaWysocka@rhyta.com', 2),
(82, 'Jaromir', 'Sobczak', 'JaromirSobczak@jourrapide.com', '123', 'JaromirSobczak@jourrapide.com', 2),
(83, 'Jaromir', 'Kozłowski', 'JaromirKozowski@rhyta.com', '123', 'JaromirKozowski@rhyta.com', 2),
(84, 'Cyryl', 'Maciejewski', 'CyrylMaciejewski@rhyta.com', '123', 'CyrylMaciejewski@rhyta.com', 2),
(85, 'Sławomir', 'Walczak', 'SawomirWalczak@teleworm.us', '123', 'SawomirWalczak@teleworm.us', 2),
(86, 'Klimek', 'Szczepański', 'KlimekSzczepaski@teleworm.us', '123', 'KlimekSzczepaski@teleworm.us', 2),
(87, 'Lucyna', 'Kowalczyk', 'LucynaKowalczyk@dayrep.com', '123', 'LucynaKowalczyk@dayrep.com', 2),
(88, 'Róża', 'Duda', 'RaDuda@teleworm.us', '123', 'RaDuda@teleworm.us', 2),
(89, 'Sergiusz', 'Ostrowski', 'SergiuszOstrowski@dayrep.com', '123', 'SergiuszOstrowski@dayrep.com', 2),
(90, 'Szymon', 'Grabowski', 'SzymonGrabowski@dayrep.com', '123', 'SzymonGrabowski@dayrep.com', 2),
(91, 'Angelika', 'Piotrowska', 'AngelikaPiotrowska@dayrep.com', '123', 'AngelikaPiotrowska@dayrep.com', 2),
(92, 'Radomiła', 'Pawlak', 'RadomiaPawlak@jourrapide.com', '123', 'RadomiaPawlak@jourrapide.com', 2),
(93, 'Tekla', 'Jabłońska', 'TeklaJaboska@armyspy.com', '123', 'TeklaJaboska@armyspy.com', 2),
(94, 'Bonifacy', 'Zając', 'BonifacyZajc@rhyta.com', '123', 'BonifacyZajc@rhyta.com', 2),
(95, 'Iwan', 'Gorski', 'IwanGorski@teleworm.us', '123', 'IwanGorski@teleworm.us', 2),
(96, 'Lubomierz', 'Symanski', 'LubomierzSymanski@dayrep.com', '123', 'LubomierzSymanski@dayrep.com', 2),
(97, 'Weronika', 'Pawlak', 'WeronikaPawlak@teleworm.us', '123', 'WeronikaPawlak@teleworm.us', 2),
(98, 'Krysia', 'Kozłowska', 'KrysiaKozowska@dayrep.com', '123', 'KrysiaKozowska@dayrep.com', 2),
(99, 'Tymon', 'Sobczak', 'TymonSobczak@teleworm.us', '123', 'TymonSobczak@teleworm.us', 2),
(100, 'Agnieszka', 'Dudek', 'AgnieszkaDudek@jourrapide.com', '123', 'AgnieszkaDudek@jourrapide.com', 2),
(101, 'Asia', 'Wysocka', 'AsiaWysocka@dayrep.com', '123', 'AsiaWysocka@dayrep.com', 2),
(102, 'Lubomierz', 'Zawadzki', 'LubomierzZawadzki@teleworm.us', '123', 'LubomierzZawadzki@teleworm.us', 2),
(103, 'Gabrjel', 'Majewski', 'GabrjelMajewski@teleworm.us', '123', 'GabrjelMajewski@teleworm.us', 2),
(104, 'Genowefa', 'Kowalczyk', 'GenowefaKowalczyk@armyspy.com', '123', 'GenowefaKowalczyk@armyspy.com', 2),
(105, 'Krystyn', 'Pawlak', 'KrystynPawlak@armyspy.com', '123', 'KrystynPawlak@armyspy.com', 2),
(106, 'Jacek', 'Król', 'JacekKrl@armyspy.com', '123', 'JacekKrl@armyspy.com', 2),
(107, 'Bronisława', 'Kamińska', 'BronisawaKamiska@armyspy.com', '123', 'BronisawaKamiska@armyspy.com', 2),
(108, 'Nikifor', 'Rutkowski', 'NikiforRutkowski@teleworm.us', '123', 'NikiforRutkowski@teleworm.us', 2),
(109, 'Bratumił', 'Ostrowski', 'BratumiOstrowski@teleworm.us', '123', 'BratumiOstrowski@teleworm.us', 2),
(110, 'Klemens', 'Michalski', 'KlemensMichalski@armyspy.com', '123', 'KlemensMichalski@armyspy.com', 2),
(111, 'Klara', 'Jaworska', 'KlaraJaworska@dayrep.com', '123', 'KlaraJaworska@dayrep.com', 2),
(112, 'Irenka', 'Adamczyk', 'IrenkaAdamczyk@rhyta.com', '123', 'IrenkaAdamczyk@rhyta.com', 2),
(113, 'Mirosława', 'Pawlak', 'MirosawaPawlak@dayrep.com', '123', 'MirosawaPawlak@dayrep.com', 2),
(114, 'Tytus', 'Adamczyk', 'TytusAdamczyk@armyspy.com', '123', 'TytusAdamczyk@armyspy.com', 2),
(115, 'Henio', 'Borkowski', 'HenioBorkowski@armyspy.com', '123', 'HenioBorkowski@armyspy.com', 2),
(116, 'Krysia', 'Kwiatkowska', 'KrysiaKwiatkowska@teleworm.us', '123', 'KrysiaKwiatkowska@teleworm.us', 2),
(117, 'Janusz', 'Jaworski', 'JanuszJaworski@rhyta.com', '123', 'JanuszJaworski@rhyta.com', 2),
(118, 'Halina', 'Kucharska', 'HalinaKucharska@rhyta.com', '123', 'HalinaKucharska@rhyta.com', 2),
(119, 'Narcyz', 'Wojciechowski', 'NarcyzWojciechowski@dayrep.com', '123', 'NarcyzWojciechowski@dayrep.com', 2),
(120, 'Teodozja', 'Nowicka', 'TeodozjaNowicka@jourrapide.com', '123', 'TeodozjaNowicka@jourrapide.com', 2),
(121, 'Benedykt', 'Rutkowski', 'BenedyktRutkowski@rhyta.com', '123', 'BenedyktRutkowski@rhyta.com', 2),
(122, 'Józef', 'Sokołowski', 'JzefSokoowski@jourrapide.com', '123', 'JzefSokoowski@jourrapide.com', 2),
(123, 'Mirosława', 'Woźniak', 'MirosawaWoniak@dayrep.com', '123', 'MirosawaWoniak@dayrep.com', 2),
(124, 'Elżbieta', 'Kaczmarek', 'ElbietaKaczmarek@armyspy.com', '123', 'ElbietaKaczmarek@armyspy.com', 2),
(125, 'Augustyn', 'Adamczyk1', 'AugustynAdamczyk@armyspy.com', '123', 'AugustynAdamczyk@armyspy.com', 2),
(126, 'Ruta', 'Szczepańska', 'RutaSzczepaska@armyspy.com', '123', 'RutaSzczepaska@armyspy.com', 2),
(127, 'Izaak', 'Grabowski', 'IzaakGrabowski@dayrep.com', '123', 'IzaakGrabowski@dayrep.com', 2),
(128, 'Sulisław', 'Tomaszewski', 'SulisawTomaszewski@armyspy.com', '123', 'SulisawTomaszewski@armyspy.com', 2),
(129, 'Ryszard', 'Kowalski', 'RyszardKowalski@rhyta.com', '123', 'RyszardKowalski@rhyta.com', 2),
(130, 'Metody', 'Zielinski', 'MetodyZielinski@armyspy.com', '123', 'MetodyZielinski@armyspy.com', 2),
(131, 'Feliks', 'Zając', 'FeliksZajc@teleworm.us', '123', 'FeliksZajc@teleworm.us', 2),
(132, 'Nikifor', 'Dudek', 'NikiforDudek@dayrep.com', '123', 'NikiforDudek@dayrep.com', 2),
(133, 'Dominika', 'Wieczorek', 'DominikaWieczorek@teleworm.us', '123', 'DominikaWieczorek@teleworm.us', 2),
(134, 'Iwo', 'Chmielewski', 'IwoChmielewski@dayrep.com', '123', 'IwoChmielewski@dayrep.com', 2),
(135, 'Józef', 'Dudek', 'JzefDudek@jourrapide.com', '123', 'JzefDudek@jourrapide.com', 2),
(136, 'Stefania', 'Kalinowska', 'StefaniaKalinowska@dayrep.com', '123', 'StefaniaKalinowska@dayrep.com', 2),
(137, 'Łucja', 'Borkowska', 'ucjaBorkowska@rhyta.com', '123', 'ucjaBorkowska@rhyta.com', 2),
(138, 'Józefa', 'Jabłońska', 'JzefaJaboska@jourrapide.com', '123', 'JzefaJaboska@jourrapide.com', 2),
(139, 'Sulisław', 'Wieczorek', 'SulisawWieczorek@rhyta.com', '123', 'SulisawWieczorek@rhyta.com', 2),
(140, 'Maryla', 'Wysocka', 'MarylaWysocka@dayrep.com', '123', 'MarylaWysocka@dayrep.com', 2),
(141, 'Bogumił', 'Maciejewski', 'BogumiMaciejewski@dayrep.com', '123', 'BogumiMaciejewski@dayrep.com', 2),
(142, 'Alfons', 'Gorski', 'AlfonsGorski@jourrapide.com', '123', 'AlfonsGorski@jourrapide.com', 2),
(143, 'Jarosław', 'Kwiatkowski', 'JarosawKwiatkowski@armyspy.com', '123', 'JarosawKwiatkowski@armyspy.com', 2),
(144, 'Honorata', 'Ostrowska', 'HonorataOstrowska@armyspy.com', '123', 'HonorataOstrowska@armyspy.com', 2),
(145, 'Sobiesław', 'Pawlak', 'SobiesawPawlak@dayrep.com', '123', 'SobiesawPawlak@dayrep.com', 2),
(146, 'Antoni', 'Kozłowski', 'AntoniKozowski@dayrep.com', '123', 'AntoniKozowski@dayrep.com', 2),
(147, 'Alicja', 'Borkowska', 'AlicjaBorkowska@rhyta.com', '123', 'AlicjaBorkowska@rhyta.com', 2),
(148, 'Hanna', 'Michalska', 'HannaMichalska@rhyta.com', '123', 'HannaMichalska@rhyta.com', 2),
(149, 'Honorata', 'Zielinska', 'HonorataZielinska@teleworm.us', '123', 'HonorataZielinska@teleworm.us', 2),
(150, 'Jarosław', 'Rutkowski', 'JarosawRutkowski@dayrep.com', '123', 'JarosawRutkowski@dayrep.com', 2),
(151, 'Justyna', 'Ostrowska', 'JustynaOstrowska@rhyta.com', '123', 'JustynaOstrowska@rhyta.com', 2),
(152, 'Kasia', 'Tomaszewska', 'KasiaTomaszewska@dayrep.com', '123', 'KasiaTomaszewska@dayrep.com', 2),
(153, 'Brygida', 'Tomaszewska', 'BrygidaTomaszewska@rhyta.com', '123', 'BrygidaTomaszewska@rhyta.com', 2),
(154, 'Roman', 'Sokołowski', 'RomanSokoowski@rhyta.com', '123', 'RomanSokoowski@rhyta.com', 2),
(155, 'Wacław', 'Wojciechowski', 'WacawWojciechowski@dayrep.com', '123', 'WacawWojciechowski@dayrep.com', 2),
(156, 'Basia', 'Jabłońska', 'BasiaJaboska@jourrapide.com', '123', 'BasiaJaboska@jourrapide.com', 2),
(157, 'Halina', 'Pawłowska', 'HalinaPawowska@teleworm.us', '123', 'HalinaPawowska@teleworm.us', 2),
(158, 'Hainrich', 'Michalski', 'HainrichMichalski@teleworm.us', '123', 'HainrichMichalski@teleworm.us', 2),
(159, 'Sobiesław', 'Gorski', 'SobiesawGorski@rhyta.com', '123', 'SobiesawGorski@rhyta.com', 2),
(160, 'Albina', 'Wysocka', 'AlbinaWysocka@jourrapide.com', '123', 'AlbinaWysocka@jourrapide.com', 2),
(161, 'Ignacy', 'Rutkowski', 'IgnacyRutkowski@rhyta.com', '123', 'IgnacyRutkowski@rhyta.com', 2),
(162, 'Irenka', 'Adamska', 'IrenkaAdamska@teleworm.us', '123', 'IrenkaAdamska@teleworm.us', 2),
(163, 'Alfons', 'Szczepański', 'AlfonsSzczepaski@dayrep.com', '123', 'AlfonsSzczepaski@dayrep.com', 2),
(164, 'admin', 'admin', 'admin', 'admin', 'admin@admin', 1),
(165, 'doctor', '', 'doctor', 'doctor', '', 2),
(166, 'nurse', '', '', 'nurse', 'nurse', 3),
(168, '', '', 'patient', 'patient', 'patient', 4),
(169, 'room', 'room', 'room', 'room', 'room', 5);

-- --------------------------------------------------------

--
-- Struktura tabeli dla  `visit`
--

CREATE TABLE IF NOT EXISTS `visit` (
  `id` int(11) NOT NULL,
  `description` varchar(255) DEFAULT NULL,
  `endTime` datetime DEFAULT NULL,
  `startTime` datetime DEFAULT NULL,
  `doctorId` int(11) DEFAULT NULL,
  `patientId` int(11) DEFAULT NULL,
  `roomId` int(11) DEFAULT NULL,
  PRIMARY KEY (`id`),
  KEY `FK_itwum9w13tmofmtx20ppjnrib` (`doctorId`),
  KEY `FK_ltomia60g3hx57stghrkb2582` (`patientId`),
  KEY `FK_7ex2ry61rsfxbkv39c9uey1eg` (`roomId`)
) ENGINE=InnoDB DEFAULT CHARSET=utf8;

--
-- Zrzut danych tabeli `visit`
--

INSERT INTO `visit` (`id`, `description`, `endTime`, `startTime`, `doctorId`, `patientId`, `roomId`) VALUES
(1, NULL, '2014-05-20 22:25:00', '2014-05-20 22:00:00', NULL, NULL, NULL),
(2, NULL, '2014-05-20 08:15:00', '2014-05-20 08:00:00', NULL, NULL, NULL),
(3, NULL, '2014-05-20 08:30:00', '2014-05-20 08:15:00', NULL, NULL, NULL),
(4, NULL, '2014-05-20 08:45:00', '2014-05-20 08:30:00', NULL, NULL, NULL),
(5, NULL, '2014-05-20 09:00:00', '2014-05-20 08:45:00', NULL, NULL, NULL),
(6, NULL, '2014-05-20 09:15:00', '2014-05-20 09:00:00', NULL, NULL, NULL),
(7, NULL, '2014-05-20 09:30:00', '2014-05-20 09:15:00', NULL, 3, NULL),
(8, NULL, '2014-05-20 09:45:00', '2014-05-20 09:30:00', NULL, NULL, NULL),
(9, NULL, '2014-05-20 10:00:00', '2014-05-20 09:45:00', NULL, NULL, NULL),
(10, NULL, '2014-05-20 10:15:00', '2014-05-20 10:00:00', NULL, NULL, NULL),
(11, NULL, '2014-05-20 10:30:00', '2014-05-20 10:15:00', NULL, NULL, NULL),
(12, NULL, '2014-05-20 10:45:00', '2014-05-20 10:30:00', NULL, NULL, NULL),
(13, NULL, '2014-05-20 11:00:00', '2014-05-20 10:45:00', NULL, NULL, NULL),
(14, NULL, '2014-05-20 11:15:00', '2014-05-20 11:00:00', NULL, NULL, NULL),
(15, NULL, '2014-05-20 11:30:00', '2014-05-20 11:15:00', NULL, NULL, NULL),
(16, NULL, '2014-05-20 11:45:00', '2014-05-20 11:30:00', NULL, NULL, NULL),
(17, NULL, '2014-05-20 12:00:00', '2014-05-20 11:45:00', NULL, NULL, NULL),
(18, NULL, '2014-05-20 12:15:00', '2014-05-20 12:00:00', NULL, NULL, NULL),
(20, NULL, '2014-05-20 12:45:00', '2014-05-20 12:30:00', NULL, NULL, NULL),
(21, NULL, '2014-05-20 13:00:00', '2014-05-20 12:45:00', NULL, NULL, NULL),
(22, NULL, '2014-05-20 13:15:00', '2014-05-20 13:00:00', NULL, NULL, NULL),
(23, NULL, '2014-05-20 13:30:00', '2014-05-20 13:15:00', NULL, NULL, NULL),
(24, NULL, '2014-05-20 13:45:00', '2014-05-20 13:30:00', NULL, NULL, NULL),
(25, NULL, '2014-05-20 14:00:00', '2014-05-20 13:45:00', NULL, NULL, NULL),
(26, NULL, '2014-05-20 14:00:00', '2014-05-20 13:00:00', NULL, NULL, NULL),
(27, NULL, '2014-05-20 14:30:00', '2014-05-20 14:15:00', NULL, NULL, NULL),
(28, NULL, '2014-05-20 14:45:00', '2014-05-20 14:30:00', NULL, NULL, NULL),
(29, NULL, '2014-05-20 15:00:00', '2014-05-20 14:45:00', NULL, NULL, NULL),
(30, NULL, '2014-05-20 15:15:00', '2014-05-20 15:00:00', NULL, NULL, NULL),
(31, NULL, '2014-05-20 15:30:00', '2014-05-20 15:15:00', NULL, NULL, NULL),
(32, NULL, '2014-05-20 15:45:00', '2014-05-20 15:30:00', NULL, NULL, NULL),
(33, NULL, '2014-05-20 16:00:00', '2014-05-20 15:45:00', NULL, NULL, NULL),
(34, NULL, '2014-05-25 08:15:00', '2014-05-25 08:00:00', 13, 79, NULL),
(35, NULL, '2014-05-25 08:30:00', '2014-05-25 08:15:00', 13, NULL, NULL),
(36, NULL, '2014-05-25 08:45:00', '2014-05-25 08:30:00', 13, NULL, NULL),
(37, NULL, '2014-05-25 09:00:00', '2014-05-25 08:45:00', 13, NULL, NULL),
(38, NULL, '2014-05-25 09:15:00', '2014-05-25 09:00:00', 13, NULL, NULL),
(39, NULL, '2014-05-25 09:30:00', '2014-05-25 09:15:00', 13, NULL, NULL),
(40, NULL, '2014-05-25 09:45:00', '2014-05-25 09:30:00', 13, NULL, NULL),
(41, NULL, '2014-05-25 10:00:00', '2014-05-25 09:45:00', 13, NULL, NULL),
(42, NULL, '2014-05-25 10:15:00', '2014-05-25 10:00:00', 13, NULL, NULL),
(43, NULL, '2014-05-25 10:30:00', '2014-05-25 10:15:00', 13, NULL, NULL),
(44, NULL, '2014-05-25 10:45:00', '2014-05-25 10:30:00', 13, 57, NULL),
(45, NULL, '2014-05-25 11:00:00', '2014-05-25 10:45:00', 13, 50, NULL),
(46, NULL, '2014-05-25 11:15:00', '2014-05-25 11:00:00', 13, NULL, NULL),
(47, NULL, '2014-05-25 11:30:00', '2014-05-25 11:15:00', 13, NULL, NULL),
(48, NULL, '2014-05-25 11:45:00', '2014-05-25 11:30:00', 13, NULL, NULL),
(49, NULL, '2014-05-25 12:00:00', '2014-05-25 11:45:00', 13, NULL, NULL),
(50, NULL, '2014-05-25 12:15:00', '2014-05-25 12:00:00', 13, NULL, NULL),
(51, NULL, '2014-05-25 12:30:00', '2014-05-25 12:15:00', 13, NULL, NULL),
(52, NULL, '2014-05-25 12:45:00', '2014-05-25 12:30:00', 13, NULL, NULL),
(53, NULL, '2014-05-25 13:00:00', '2014-05-25 12:45:00', 13, NULL, NULL),
(54, NULL, '2014-05-25 13:15:00', '2014-05-25 13:00:00', 13, NULL, NULL),
(55, NULL, '2014-05-25 13:30:00', '2014-05-25 13:15:00', 13, NULL, NULL),
(56, NULL, '2014-05-25 13:45:00', '2014-05-25 13:30:00', 13, NULL, NULL),
(57, NULL, '2014-05-25 14:00:00', '2014-05-25 13:45:00', 13, NULL, NULL),
(58, NULL, '2014-05-25 14:15:00', '2014-05-25 14:00:00', 13, NULL, NULL),
(59, NULL, '2014-05-25 14:30:00', '2014-05-25 14:15:00', 13, NULL, NULL),
(60, NULL, '2014-05-25 14:45:00', '2014-05-25 14:30:00', 13, NULL, NULL),
(61, NULL, '2014-05-25 15:00:00', '2014-05-25 14:45:00', 13, NULL, NULL),
(62, NULL, '2014-05-25 15:15:00', '2014-05-25 15:00:00', 13, NULL, NULL),
(63, NULL, '2014-05-25 15:30:00', '2014-05-25 15:15:00', 13, NULL, NULL),
(64, NULL, '2014-05-25 15:45:00', '2014-05-25 15:30:00', 13, NULL, NULL),
(65, NULL, '2014-05-25 16:00:00', '2014-05-25 15:45:00', 13, 32, NULL),
(66, NULL, '2014-05-25 08:15:00', '2014-05-25 08:00:00', 9, NULL, NULL),
(67, NULL, '2014-05-25 08:30:00', '2014-05-25 08:15:00', 9, NULL, NULL),
(68, NULL, '2014-05-25 08:45:00', '2014-05-25 08:30:00', 9, NULL, NULL),
(69, NULL, '2014-05-25 09:00:00', '2014-05-25 08:45:00', 9, NULL, NULL),
(70, NULL, '2014-05-25 09:15:00', '2014-05-25 09:00:00', 9, NULL, NULL),
(71, NULL, '2014-05-25 09:30:00', '2014-05-25 09:15:00', 9, NULL, NULL),
(72, NULL, '2014-05-25 09:45:00', '2014-05-25 09:30:00', 9, NULL, NULL),
(73, NULL, '2014-05-25 10:00:00', '2014-05-25 09:45:00', 9, NULL, NULL),
(74, NULL, '2014-05-25 10:15:00', '2014-05-25 10:00:00', 9, NULL, NULL),
(75, NULL, '2014-05-25 10:30:00', '2014-05-25 10:15:00', 9, NULL, NULL),
(76, NULL, '2014-05-25 10:45:00', '2014-05-25 10:30:00', 9, NULL, NULL),
(77, NULL, '2014-05-25 11:00:00', '2014-05-25 10:45:00', 9, NULL, NULL),
(78, NULL, '2014-05-25 11:15:00', '2014-05-25 11:00:00', 9, NULL, NULL),
(79, NULL, '2014-05-25 11:30:00', '2014-05-25 11:15:00', 9, NULL, NULL),
(80, NULL, '2014-05-25 11:45:00', '2014-05-25 11:30:00', 9, NULL, NULL),
(81, NULL, '2014-05-25 12:00:00', '2014-05-25 11:45:00', 9, NULL, NULL),
(82, NULL, '2014-05-25 12:15:00', '2014-05-25 12:00:00', 9, NULL, NULL),
(83, NULL, '2014-05-25 12:30:00', '2014-05-25 12:15:00', 9, NULL, NULL),
(84, NULL, '2014-05-25 12:45:00', '2014-05-25 12:30:00', 9, NULL, NULL),
(85, NULL, '2014-05-25 13:00:00', '2014-05-25 12:45:00', 9, NULL, NULL),
(86, NULL, '2014-05-25 13:15:00', '2014-05-25 13:00:00', 9, NULL, NULL),
(87, NULL, '2014-05-25 13:30:00', '2014-05-25 13:15:00', 9, NULL, NULL),
(88, NULL, '2014-05-25 13:45:00', '2014-05-25 13:30:00', 9, NULL, NULL),
(89, NULL, '2014-05-25 14:00:00', '2014-05-25 13:45:00', 9, NULL, NULL),
(90, NULL, '2014-05-25 14:15:00', '2014-05-25 14:00:00', 9, NULL, NULL),
(91, NULL, '2014-05-25 14:30:00', '2014-05-25 14:15:00', 9, NULL, NULL),
(92, NULL, '2014-05-25 14:45:00', '2014-05-25 14:30:00', 9, NULL, NULL),
(93, NULL, '2014-05-25 15:00:00', '2014-05-25 14:45:00', 9, NULL, NULL),
(94, NULL, '2014-05-25 15:15:00', '2014-05-25 15:00:00', 9, NULL, NULL),
(95, NULL, '2014-05-25 15:30:00', '2014-05-25 15:15:00', 9, NULL, NULL),
(96, NULL, '2014-05-25 15:45:00', '2014-05-25 15:30:00', 9, NULL, NULL),
(97, NULL, '2014-05-25 16:00:00', '2014-05-25 15:45:00', 9, NULL, NULL),
(98, NULL, '2014-06-02 08:35:00', '2014-06-02 08:20:00', 13, NULL, NULL),
(99, NULL, '2014-06-02 08:50:00', '2014-06-02 08:35:00', 13, NULL, NULL),
(100, NULL, '2014-06-02 09:05:00', '2014-06-02 08:50:00', 13, NULL, NULL),
(101, NULL, '2014-06-02 09:20:00', '2014-06-02 09:05:00', 13, 6, NULL),
(102, NULL, '2014-06-02 09:35:00', '2014-06-02 09:20:00', 13, NULL, NULL),
(103, NULL, '2014-06-02 09:50:00', '2014-06-02 09:35:00', 13, NULL, NULL),
(104, NULL, '2014-06-02 10:05:00', '2014-06-02 09:50:00', 13, NULL, NULL),
(105, NULL, '2014-06-02 10:20:00', '2014-06-02 10:05:00', 13, NULL, NULL),
(106, NULL, '2014-06-02 10:35:00', '2014-06-02 10:20:00', 13, NULL, NULL),
(107, NULL, '2014-06-02 10:50:00', '2014-06-02 10:35:00', 13, NULL, NULL),
(108, NULL, '2014-06-02 11:05:00', '2014-06-02 10:50:00', 13, NULL, NULL),
(109, NULL, '2014-06-02 11:20:00', '2014-06-02 11:05:00', 13, NULL, NULL),
(110, NULL, '2014-06-02 11:35:00', '2014-06-02 11:20:00', 13, NULL, NULL),
(111, NULL, '2014-06-02 11:50:00', '2014-06-02 11:35:00', 13, NULL, NULL),
(112, NULL, '2014-06-02 12:05:00', '2014-06-02 11:50:00', 13, NULL, NULL),
(113, NULL, '2014-06-02 12:20:00', '2014-06-02 12:05:00', 13, NULL, NULL),
(114, NULL, '2014-06-02 12:35:00', '2014-06-02 12:20:00', 13, NULL, NULL),
(115, NULL, '2014-06-02 12:50:00', '2014-06-02 12:35:00', 13, NULL, NULL),
(116, NULL, '2014-06-02 13:05:00', '2014-06-02 12:50:00', 13, NULL, NULL),
(117, NULL, '2014-06-02 13:20:00', '2014-06-02 13:05:00', 13, NULL, NULL),
(118, NULL, '2014-06-02 13:35:00', '2014-06-02 13:20:00', 13, NULL, NULL),
(119, NULL, '2014-06-02 13:50:00', '2014-06-02 13:35:00', 13, NULL, NULL),
(120, NULL, '2014-06-02 14:05:00', '2014-06-02 13:50:00', 13, NULL, NULL),
(121, NULL, '2014-06-02 14:20:00', '2014-06-02 14:05:00', 13, NULL, NULL),
(122, NULL, '2014-06-02 14:35:00', '2014-06-02 14:20:00', 13, NULL, NULL),
(123, NULL, '2014-06-02 14:50:00', '2014-06-02 14:35:00', 13, NULL, NULL),
(124, NULL, '2014-06-02 15:05:00', '2014-06-02 14:50:00', 13, NULL, NULL),
(125, NULL, '2014-06-02 15:20:00', '2014-06-02 15:05:00', 13, NULL, NULL),
(126, NULL, '2014-06-02 15:35:00', '2014-06-02 15:20:00', 13, NULL, NULL),
(127, NULL, '2014-06-02 15:50:00', '2014-06-02 15:35:00', 13, NULL, NULL),
(128, NULL, '2014-06-02 16:05:00', '2014-06-02 15:50:00', 13, NULL, NULL),
(129, NULL, '2014-06-03 08:35:00', '2014-06-03 08:20:00', 13, NULL, NULL),
(130, NULL, '2014-06-03 08:50:00', '2014-06-03 08:35:00', 13, NULL, NULL),
(131, NULL, '2014-06-03 09:05:00', '2014-06-03 08:50:00', 13, NULL, NULL),
(132, NULL, '2014-06-03 09:20:00', '2014-06-03 09:05:00', 13, NULL, NULL),
(133, NULL, '2014-06-03 09:35:00', '2014-06-03 09:20:00', 13, NULL, NULL),
(134, NULL, '2014-06-03 09:50:00', '2014-06-03 09:35:00', 13, NULL, NULL),
(135, NULL, '2014-06-03 10:05:00', '2014-06-03 09:50:00', 13, NULL, NULL),
(136, NULL, '2014-06-03 10:20:00', '2014-06-03 10:05:00', 13, NULL, NULL),
(137, NULL, '2014-06-03 10:35:00', '2014-06-03 10:20:00', 13, NULL, NULL),
(138, NULL, '2014-06-03 10:50:00', '2014-06-03 10:35:00', 13, NULL, NULL),
(139, NULL, '2014-06-03 11:05:00', '2014-06-03 10:50:00', 13, NULL, NULL),
(140, NULL, '2014-06-03 11:20:00', '2014-06-03 11:05:00', 13, NULL, NULL),
(141, NULL, '2014-06-03 11:35:00', '2014-06-03 11:20:00', 13, NULL, NULL),
(142, NULL, '2014-06-03 11:50:00', '2014-06-03 11:35:00', 13, NULL, NULL),
(143, NULL, '2014-06-03 12:05:00', '2014-06-03 11:50:00', 13, NULL, NULL),
(144, NULL, '2014-06-03 12:20:00', '2014-06-03 12:05:00', 13, NULL, NULL),
(145, NULL, '2014-06-03 12:35:00', '2014-06-03 12:20:00', 13, NULL, NULL),
(146, NULL, '2014-06-03 12:50:00', '2014-06-03 12:35:00', 13, NULL, NULL),
(147, NULL, '2014-06-03 13:05:00', '2014-06-03 12:50:00', 13, NULL, NULL),
(148, NULL, '2014-06-03 13:20:00', '2014-06-03 13:05:00', 13, NULL, NULL),
(149, NULL, '2014-06-03 13:35:00', '2014-06-03 13:20:00', 13, NULL, NULL),
(150, NULL, '2014-06-03 13:50:00', '2014-06-03 13:35:00', 13, NULL, NULL),
(151, NULL, '2014-06-03 14:05:00', '2014-06-03 13:50:00', 13, NULL, NULL),
(152, NULL, '2014-06-03 14:20:00', '2014-06-03 14:05:00', 13, NULL, NULL),
(153, NULL, '2014-06-03 14:35:00', '2014-06-03 14:20:00', 13, NULL, NULL),
(154, NULL, '2014-06-03 14:50:00', '2014-06-03 14:35:00', 13, NULL, NULL),
(155, NULL, '2014-06-03 15:05:00', '2014-06-03 14:50:00', 13, NULL, NULL),
(156, NULL, '2014-06-03 15:20:00', '2014-06-03 15:05:00', 13, NULL, NULL),
(157, NULL, '2014-06-03 15:35:00', '2014-06-03 15:20:00', 13, NULL, NULL),
(158, NULL, '2014-06-03 15:50:00', '2014-06-03 15:35:00', 13, NULL, NULL),
(159, NULL, '2014-06-03 16:05:00', '2014-06-03 15:50:00', 13, NULL, NULL),
(160, NULL, '2014-06-04 08:35:00', '2014-06-04 08:20:00', 13, NULL, NULL),
(161, NULL, '2014-06-04 08:50:00', '2014-06-04 08:35:00', 13, NULL, NULL),
(162, NULL, '2014-06-04 09:05:00', '2014-06-04 08:50:00', 13, NULL, NULL),
(163, NULL, '2014-06-04 09:20:00', '2014-06-04 09:05:00', 13, NULL, NULL),
(164, NULL, '2014-06-04 09:35:00', '2014-06-04 09:20:00', 13, NULL, NULL),
(165, NULL, '2014-06-04 09:50:00', '2014-06-04 09:35:00', 13, NULL, NULL),
(166, NULL, '2014-06-04 10:05:00', '2014-06-04 09:50:00', 13, NULL, NULL),
(167, NULL, '2014-06-04 10:20:00', '2014-06-04 10:05:00', 13, NULL, NULL),
(168, NULL, '2014-06-04 10:35:00', '2014-06-04 10:20:00', 13, NULL, NULL),
(169, NULL, '2014-06-04 10:50:00', '2014-06-04 10:35:00', 13, NULL, NULL),
(170, NULL, '2014-06-04 11:05:00', '2014-06-04 10:50:00', 13, NULL, NULL),
(171, NULL, '2014-06-04 11:20:00', '2014-06-04 11:05:00', 13, NULL, NULL),
(172, NULL, '2014-06-04 11:35:00', '2014-06-04 11:20:00', 13, NULL, NULL),
(173, NULL, '2014-06-04 11:50:00', '2014-06-04 11:35:00', 13, NULL, NULL),
(174, NULL, '2014-06-04 12:05:00', '2014-06-04 11:50:00', 13, NULL, NULL),
(175, NULL, '2014-06-04 12:20:00', '2014-06-04 12:05:00', 13, NULL, NULL),
(176, NULL, '2014-06-04 12:35:00', '2014-06-04 12:20:00', 13, NULL, NULL),
(177, NULL, '2014-06-04 12:50:00', '2014-06-04 12:35:00', 13, NULL, NULL),
(178, NULL, '2014-06-04 13:05:00', '2014-06-04 12:50:00', 13, NULL, NULL),
(179, NULL, '2014-06-04 13:20:00', '2014-06-04 13:05:00', 13, NULL, NULL),
(180, NULL, '2014-06-04 13:35:00', '2014-06-04 13:20:00', 13, NULL, NULL),
(181, NULL, '2014-06-04 13:50:00', '2014-06-04 13:35:00', 13, NULL, NULL),
(182, NULL, '2014-06-04 14:05:00', '2014-06-04 13:50:00', 13, NULL, NULL),
(183, NULL, '2014-06-04 14:20:00', '2014-06-04 14:05:00', 13, NULL, NULL),
(184, NULL, '2014-06-04 14:35:00', '2014-06-04 14:20:00', 13, NULL, NULL),
(185, NULL, '2014-06-04 14:50:00', '2014-06-04 14:35:00', 13, NULL, NULL),
(186, NULL, '2014-06-04 15:05:00', '2014-06-04 14:50:00', 13, NULL, NULL),
(187, NULL, '2014-06-04 15:20:00', '2014-06-04 15:05:00', 13, NULL, NULL),
(188, NULL, '2014-06-04 15:35:00', '2014-06-04 15:20:00', 13, NULL, NULL),
(189, NULL, '2014-06-04 15:50:00', '2014-06-04 15:35:00', 13, NULL, NULL),
(190, NULL, '2014-06-04 16:05:00', '2014-06-04 15:50:00', 13, NULL, NULL),
(191, NULL, '2014-06-05 08:35:00', '2014-06-05 08:20:00', 13, NULL, NULL),
(192, NULL, '2014-06-05 08:50:00', '2014-06-05 08:35:00', 13, NULL, NULL),
(193, NULL, '2014-06-05 09:05:00', '2014-06-05 08:50:00', 13, NULL, NULL),
(194, NULL, '2014-06-05 09:20:00', '2014-06-05 09:05:00', 13, NULL, NULL),
(195, NULL, '2014-06-05 09:35:00', '2014-06-05 09:20:00', 13, NULL, NULL),
(196, NULL, '2014-06-05 09:50:00', '2014-06-05 09:35:00', 13, NULL, NULL),
(197, NULL, '2014-06-05 10:05:00', '2014-06-05 09:50:00', 13, NULL, NULL),
(198, NULL, '2014-06-05 10:20:00', '2014-06-05 10:05:00', 13, NULL, NULL),
(199, NULL, '2014-06-05 10:35:00', '2014-06-05 10:20:00', 13, NULL, NULL),
(200, NULL, '2014-06-05 10:50:00', '2014-06-05 10:35:00', 13, NULL, NULL),
(201, NULL, '2014-06-05 11:05:00', '2014-06-05 10:50:00', 13, NULL, NULL),
(202, NULL, '2014-06-05 11:20:00', '2014-06-05 11:05:00', 13, NULL, NULL),
(203, NULL, '2014-06-05 11:35:00', '2014-06-05 11:20:00', 13, NULL, NULL),
(204, NULL, '2014-06-05 11:50:00', '2014-06-05 11:35:00', 13, NULL, NULL),
(205, NULL, '2014-06-05 12:05:00', '2014-06-05 11:50:00', 13, NULL, NULL),
(206, NULL, '2014-06-05 12:20:00', '2014-06-05 12:05:00', 13, NULL, NULL),
(207, NULL, '2014-06-05 12:35:00', '2014-06-05 12:20:00', 13, NULL, NULL),
(208, NULL, '2014-06-05 12:50:00', '2014-06-05 12:35:00', 13, NULL, NULL),
(209, NULL, '2014-06-05 13:05:00', '2014-06-05 12:50:00', 13, NULL, NULL),
(210, NULL, '2014-06-05 13:20:00', '2014-06-05 13:05:00', 13, NULL, NULL),
(211, NULL, '2014-06-05 13:35:00', '2014-06-05 13:20:00', 13, NULL, NULL),
(212, NULL, '2014-06-05 13:50:00', '2014-06-05 13:35:00', 13, NULL, NULL),
(213, NULL, '2014-06-05 14:05:00', '2014-06-05 13:50:00', 13, NULL, NULL),
(214, NULL, '2014-06-05 14:20:00', '2014-06-05 14:05:00', 13, NULL, NULL),
(215, NULL, '2014-06-05 14:35:00', '2014-06-05 14:20:00', 13, NULL, NULL),
(216, NULL, '2014-06-05 14:50:00', '2014-06-05 14:35:00', 13, NULL, NULL),
(217, NULL, '2014-06-05 15:05:00', '2014-06-05 14:50:00', 13, NULL, NULL),
(218, NULL, '2014-06-05 15:20:00', '2014-06-05 15:05:00', 13, NULL, NULL),
(219, NULL, '2014-06-05 15:35:00', '2014-06-05 15:20:00', 13, NULL, NULL),
(220, NULL, '2014-06-05 15:50:00', '2014-06-05 15:35:00', 13, NULL, NULL),
(221, NULL, '2014-06-05 16:05:00', '2014-06-05 15:50:00', 13, NULL, NULL),
(222, NULL, '2014-07-29 08:15:00', '2014-07-29 08:00:00', 13, NULL, 1),
(223, NULL, '2014-07-29 08:30:00', '2014-07-29 08:15:00', 13, 40, 3),
(224, NULL, '2014-07-29 08:45:00', '2014-07-29 08:30:00', 13, NULL, 1),
(225, NULL, '2014-07-29 09:00:00', '2014-07-29 08:45:00', 13, NULL, 1),
(226, NULL, '2014-07-29 09:15:00', '2014-07-29 09:00:00', 13, NULL, 1),
(227, NULL, '2014-07-29 09:30:00', '2014-07-29 09:15:00', 13, NULL, 1),
(228, NULL, '2014-07-29 09:45:00', '2014-07-29 09:30:00', 13, NULL, 1),
(229, NULL, '2014-07-29 10:00:00', '2014-07-29 09:45:00', 13, NULL, 1),
(230, NULL, '2014-07-29 10:15:00', '2014-07-29 10:00:00', 13, NULL, 1),
(231, NULL, '2014-07-29 10:30:00', '2014-07-29 10:15:00', 13, NULL, 1),
(232, NULL, '2014-07-29 10:45:00', '2014-07-29 10:30:00', 13, NULL, 1),
(233, NULL, '2014-07-29 11:00:00', '2014-07-29 10:45:00', 13, NULL, 1),
(234, NULL, '2014-07-29 11:15:00', '2014-07-29 11:00:00', 13, NULL, 1),
(235, NULL, '2014-07-29 11:30:00', '2014-07-29 11:15:00', 13, NULL, 1),
(236, NULL, '2014-07-29 11:45:00', '2014-07-29 11:30:00', 13, NULL, 1),
(237, NULL, '2014-07-29 12:00:00', '2014-07-29 11:45:00', 13, NULL, 1),
(238, NULL, '2014-07-29 12:15:00', '2014-07-29 12:00:00', 13, NULL, 1),
(239, NULL, '2014-07-29 12:30:00', '2014-07-29 12:15:00', 13, NULL, 1),
(240, NULL, '2014-07-29 12:45:00', '2014-07-29 12:30:00', 13, NULL, 1),
(241, NULL, '2014-07-29 13:00:00', '2014-07-29 12:45:00', 13, NULL, 1),
(242, NULL, '2014-07-29 13:15:00', '2014-07-29 13:00:00', 13, NULL, 1),
(243, NULL, '2014-07-29 13:30:00', '2014-07-29 13:15:00', 13, NULL, 1),
(244, NULL, '2014-07-29 13:45:00', '2014-07-29 13:30:00', 13, NULL, 1),
(245, NULL, '2014-07-29 14:00:00', '2014-07-29 13:45:00', 13, NULL, 1),
(246, NULL, '2014-07-29 14:15:00', '2014-07-29 14:00:00', 13, NULL, 1),
(247, NULL, '2014-07-29 14:30:00', '2014-07-29 14:15:00', 13, NULL, 1),
(248, NULL, '2014-07-29 14:45:00', '2014-07-29 14:30:00', 13, NULL, 1),
(249, NULL, '2014-07-29 15:00:00', '2014-07-29 14:45:00', 13, NULL, 1),
(250, NULL, '2014-07-29 15:15:00', '2014-07-29 15:00:00', 13, NULL, 1),
(251, NULL, '2014-07-29 15:30:00', '2014-07-29 15:15:00', 13, NULL, 1),
(252, NULL, '2014-07-29 15:45:00', '2014-07-29 15:30:00', 13, NULL, 1),
(253, NULL, '2014-07-29 16:00:00', '2014-07-29 15:45:00', 13, NULL, 1),
(254, NULL, '2014-07-31 08:15:00', '2014-07-31 08:00:00', 13, NULL, 2),
(255, NULL, '2014-07-31 08:30:00', '2014-07-31 08:15:00', 13, NULL, 2),
(256, NULL, '2014-07-31 08:45:00', '2014-07-31 08:30:00', 13, NULL, 2),
(257, NULL, '2014-07-31 09:00:00', '2014-07-31 08:45:00', 13, NULL, 2),
(258, NULL, '2014-07-31 09:15:00', '2014-07-31 09:00:00', 13, NULL, 2),
(259, NULL, '2014-07-31 09:30:00', '2014-07-31 09:15:00', 13, NULL, 2),
(260, NULL, '2014-07-31 09:45:00', '2014-07-31 09:30:00', 13, NULL, 2),
(261, NULL, '2014-07-31 10:00:00', '2014-07-31 09:45:00', 13, NULL, 2),
(262, NULL, '2014-07-31 10:15:00', '2014-07-31 10:00:00', 13, NULL, 2),
(263, NULL, '2014-07-31 10:30:00', '2014-07-31 10:15:00', 13, NULL, 2),
(264, NULL, '2014-07-31 10:45:00', '2014-07-31 10:30:00', 13, NULL, 2),
(265, NULL, '2014-07-31 11:00:00', '2014-07-31 10:45:00', 13, NULL, 2),
(266, NULL, '2014-07-31 11:15:00', '2014-07-31 11:00:00', 13, NULL, 2),
(267, NULL, '2014-07-31 11:30:00', '2014-07-31 11:15:00', 13, NULL, 2),
(268, NULL, '2014-07-31 11:45:00', '2014-07-31 11:30:00', 13, NULL, 2),
(269, NULL, '2014-07-31 12:00:00', '2014-07-31 11:45:00', 13, NULL, 2),
(270, NULL, '2014-07-31 12:15:00', '2014-07-31 12:00:00', 13, NULL, 2),
(271, NULL, '2014-07-31 12:30:00', '2014-07-31 12:15:00', 13, NULL, 2),
(272, NULL, '2014-07-31 12:45:00', '2014-07-31 12:30:00', 13, NULL, 2),
(273, NULL, '2014-07-31 13:00:00', '2014-07-31 12:45:00', 13, NULL, 2),
(274, NULL, '2014-07-31 13:15:00', '2014-07-31 13:00:00', 13, NULL, 2),
(275, NULL, '2014-07-31 13:30:00', '2014-07-31 13:15:00', 13, NULL, 2),
(276, NULL, '2014-07-31 13:45:00', '2014-07-31 13:30:00', 13, NULL, 2),
(277, NULL, '2014-07-31 14:00:00', '2014-07-31 13:45:00', 13, NULL, 2),
(278, NULL, '2014-07-31 14:15:00', '2014-07-31 14:00:00', 13, NULL, 2),
(279, NULL, '2014-07-31 14:30:00', '2014-07-31 14:15:00', 13, NULL, 2),
(280, NULL, '2014-07-31 14:45:00', '2014-07-31 14:30:00', 13, NULL, 2),
(281, NULL, '2014-07-31 15:00:00', '2014-07-31 14:45:00', 13, NULL, 2),
(282, NULL, '2014-07-31 15:15:00', '2014-07-31 15:00:00', 13, NULL, 2),
(283, NULL, '2014-07-31 15:30:00', '2014-07-31 15:15:00', 13, NULL, 2),
(284, NULL, '2014-07-31 15:45:00', '2014-07-31 15:30:00', 13, NULL, 2),
(285, NULL, '2014-07-31 16:00:00', '2014-07-31 15:45:00', 13, NULL, 2),
(286, NULL, '2014-07-31 08:15:00', '2014-07-31 08:00:00', 15, NULL, 2),
(287, NULL, '2014-07-31 08:30:00', '2014-07-31 08:15:00', 15, NULL, 2),
(288, NULL, '2014-07-31 08:45:00', '2014-07-31 08:30:00', 15, NULL, 2),
(289, NULL, '2014-07-31 09:00:00', '2014-07-31 08:45:00', 15, NULL, 2),
(290, NULL, '2014-07-31 09:15:00', '2014-07-31 09:00:00', 15, NULL, 2),
(291, NULL, '2014-07-31 09:30:00', '2014-07-31 09:15:00', 15, NULL, 2),
(292, NULL, '2014-07-31 09:45:00', '2014-07-31 09:30:00', 15, NULL, 2),
(293, NULL, '2014-07-31 10:00:00', '2014-07-31 09:45:00', 15, NULL, 2),
(294, NULL, '2014-07-31 10:15:00', '2014-07-31 10:00:00', 15, NULL, 2),
(295, NULL, '2014-07-31 10:30:00', '2014-07-31 10:15:00', 15, NULL, 2),
(296, NULL, '2014-07-31 10:45:00', '2014-07-31 10:30:00', 15, NULL, 2),
(297, NULL, '2014-07-31 11:00:00', '2014-07-31 10:45:00', 15, NULL, 2),
(298, NULL, '2014-07-31 11:15:00', '2014-07-31 11:00:00', 15, NULL, 2),
(299, NULL, '2014-07-31 11:30:00', '2014-07-31 11:15:00', 15, NULL, 2),
(300, NULL, '2014-07-31 11:45:00', '2014-07-31 11:30:00', 15, NULL, 2),
(301, NULL, '2014-07-31 12:00:00', '2014-07-31 11:45:00', 15, NULL, 2),
(302, NULL, '2014-07-31 12:15:00', '2014-07-31 12:00:00', 15, NULL, 2),
(303, NULL, '2014-07-31 12:30:00', '2014-07-31 12:15:00', 15, NULL, 2),
(304, NULL, '2014-07-31 12:45:00', '2014-07-31 12:30:00', 15, NULL, 2),
(305, NULL, '2014-07-31 13:00:00', '2014-07-31 12:45:00', 15, NULL, 2),
(306, NULL, '2014-07-31 13:15:00', '2014-07-31 13:00:00', 15, NULL, 2),
(307, NULL, '2014-07-31 13:30:00', '2014-07-31 13:15:00', 15, NULL, 2),
(308, NULL, '2014-07-31 13:45:00', '2014-07-31 13:30:00', 15, NULL, 2),
(309, NULL, '2014-07-31 14:00:00', '2014-07-31 13:45:00', 15, NULL, 2),
(310, NULL, '2014-07-31 14:15:00', '2014-07-31 14:00:00', 15, NULL, 2),
(311, NULL, '2014-07-31 14:30:00', '2014-07-31 14:15:00', 15, NULL, 2),
(312, NULL, '2014-07-31 14:45:00', '2014-07-31 14:30:00', 15, NULL, 2),
(313, NULL, '2014-07-31 15:00:00', '2014-07-31 14:45:00', 15, NULL, 2),
(314, NULL, '2014-07-31 15:15:00', '2014-07-31 15:00:00', 15, NULL, 2),
(315, NULL, '2014-07-31 15:30:00', '2014-07-31 15:15:00', 15, NULL, 2),
(316, NULL, '2014-07-31 15:45:00', '2014-07-31 15:30:00', 15, NULL, 2),
(317, NULL, '2014-07-31 16:00:00', '2014-07-31 15:45:00', 15, NULL, 2),
(318, NULL, '2014-07-31 08:15:00', '2014-07-31 08:00:00', 1, NULL, 1),
(319, NULL, '2014-07-31 08:30:00', '2014-07-31 08:15:00', 1, NULL, 1),
(320, NULL, '2014-07-31 08:45:00', '2014-07-31 08:30:00', 1, NULL, 1),
(321, NULL, '2014-07-31 09:00:00', '2014-07-31 08:45:00', 1, NULL, 1),
(322, NULL, '2014-07-31 09:15:00', '2014-07-31 09:00:00', 1, NULL, 1),
(323, NULL, '2014-07-31 09:30:00', '2014-07-31 09:15:00', 1, NULL, 1),
(324, NULL, '2014-07-31 09:45:00', '2014-07-31 09:30:00', 1, NULL, 1),
(325, NULL, '2014-07-31 10:00:00', '2014-07-31 09:45:00', 1, NULL, 1),
(326, NULL, '2014-07-31 10:15:00', '2014-07-31 10:00:00', 1, NULL, 1),
(327, NULL, '2014-07-31 10:30:00', '2014-07-31 10:15:00', 1, NULL, 1),
(328, NULL, '2014-07-31 10:45:00', '2014-07-31 10:30:00', 1, NULL, 1),
(329, NULL, '2014-07-31 11:00:00', '2014-07-31 10:45:00', 1, NULL, 1),
(330, NULL, '2014-07-31 11:15:00', '2014-07-31 11:00:00', 1, NULL, 1),
(331, NULL, '2014-07-31 11:30:00', '2014-07-31 11:15:00', 1, NULL, 1),
(332, NULL, '2014-07-31 11:45:00', '2014-07-31 11:30:00', 1, NULL, 1),
(333, NULL, '2014-07-31 12:00:00', '2014-07-31 11:45:00', 1, NULL, 1),
(334, NULL, '2014-07-31 12:15:00', '2014-07-31 12:00:00', 1, NULL, 1),
(335, NULL, '2014-07-31 12:30:00', '2014-07-31 12:15:00', 1, NULL, 1),
(336, NULL, '2014-07-31 12:45:00', '2014-07-31 12:30:00', 1, NULL, 1),
(337, NULL, '2014-07-31 13:00:00', '2014-07-31 12:45:00', 1, NULL, 1),
(338, NULL, '2014-07-31 13:15:00', '2014-07-31 13:00:00', 1, 72, 1),
(339, NULL, '2014-07-31 13:30:00', '2014-07-31 13:15:00', 1, NULL, 1),
(340, NULL, '2014-07-31 13:45:00', '2014-07-31 13:30:00', 1, NULL, 1),
(341, NULL, '2014-07-31 14:00:00', '2014-07-31 13:45:00', 1, NULL, 1),
(342, NULL, '2014-07-31 14:15:00', '2014-07-31 14:00:00', 1, NULL, 1),
(343, NULL, '2014-07-31 14:30:00', '2014-07-31 14:15:00', 1, NULL, 1),
(344, NULL, '2014-07-31 14:45:00', '2014-07-31 14:30:00', 1, NULL, 1),
(345, NULL, '2014-07-31 15:00:00', '2014-07-31 14:45:00', 1, NULL, 1),
(346, NULL, '2014-07-31 15:15:00', '2014-07-31 15:00:00', 1, NULL, 1),
(347, NULL, '2014-07-31 15:30:00', '2014-07-31 15:15:00', 1, NULL, 1),
(348, NULL, '2014-07-31 15:45:00', '2014-07-31 15:30:00', 1, NULL, 1),
(349, NULL, '2014-07-31 16:00:00', '2014-07-31 15:45:00', 1, NULL, 1),
(350, NULL, '2014-07-31 08:15:00', '2014-07-31 08:00:00', 12, NULL, 4),
(351, NULL, '2014-07-31 08:30:00', '2014-07-31 08:15:00', 12, NULL, 4),
(352, NULL, '2014-07-31 08:45:00', '2014-07-31 08:30:00', 12, NULL, 4),
(353, NULL, '2014-07-31 09:00:00', '2014-07-31 08:45:00', 12, NULL, 4),
(354, NULL, '2014-07-31 09:15:00', '2014-07-31 09:00:00', 12, NULL, 4),
(355, NULL, '2014-07-31 09:30:00', '2014-07-31 09:15:00', 12, NULL, 4),
(356, NULL, '2014-07-31 09:45:00', '2014-07-31 09:30:00', 12, NULL, 4),
(357, NULL, '2014-07-31 10:00:00', '2014-07-31 09:45:00', 12, NULL, 4),
(358, NULL, '2014-07-31 10:15:00', '2014-07-31 10:00:00', 12, NULL, 4),
(359, NULL, '2014-07-31 10:30:00', '2014-07-31 10:15:00', 12, NULL, 4),
(360, NULL, '2014-07-31 10:45:00', '2014-07-31 10:30:00', 12, NULL, 4),
(361, NULL, '2014-07-31 11:00:00', '2014-07-31 10:45:00', 12, NULL, 4),
(362, NULL, '2014-07-31 11:15:00', '2014-07-31 11:00:00', 12, NULL, 4),
(363, NULL, '2014-07-31 11:30:00', '2014-07-31 11:15:00', 12, NULL, 4),
(364, NULL, '2014-07-31 11:45:00', '2014-07-31 11:30:00', 12, NULL, 4),
(365, NULL, '2014-07-31 12:00:00', '2014-07-31 11:45:00', 12, NULL, 4),
(366, NULL, '2014-07-31 12:15:00', '2014-07-31 12:00:00', 12, NULL, 4),
(367, NULL, '2014-07-31 12:30:00', '2014-07-31 12:15:00', 12, NULL, 4),
(368, NULL, '2014-07-31 12:45:00', '2014-07-31 12:30:00', 12, NULL, 4),
(369, NULL, '2014-07-31 13:00:00', '2014-07-31 12:45:00', 12, NULL, 4),
(370, NULL, '2014-07-31 13:15:00', '2014-07-31 13:00:00', 12, NULL, 4),
(371, NULL, '2014-07-31 13:30:00', '2014-07-31 13:15:00', 12, NULL, 4),
(372, NULL, '2014-07-31 13:45:00', '2014-07-31 13:30:00', 12, NULL, 4),
(373, NULL, '2014-07-31 14:00:00', '2014-07-31 13:45:00', 12, NULL, 4),
(374, NULL, '2014-07-31 14:15:00', '2014-07-31 14:00:00', 12, NULL, 4),
(375, NULL, '2014-07-31 14:30:00', '2014-07-31 14:15:00', 12, NULL, 4),
(376, NULL, '2014-07-31 14:45:00', '2014-07-31 14:30:00', 12, NULL, 4),
(377, NULL, '2014-07-31 15:00:00', '2014-07-31 14:45:00', 12, NULL, 4),
(378, NULL, '2014-07-31 15:15:00', '2014-07-31 15:00:00', 12, NULL, 4),
(379, NULL, '2014-07-31 15:30:00', '2014-07-31 15:15:00', 12, NULL, 4),
(380, NULL, '2014-07-31 15:45:00', '2014-07-31 15:30:00', 12, NULL, 4),
(381, NULL, '2014-07-31 16:00:00', '2014-07-31 15:45:00', 12, NULL, 4),
(382, NULL, '2014-09-30 08:15:00', '2014-09-30 08:00:00', 15, NULL, 2),
(383, NULL, '2014-09-30 08:30:00', '2014-09-30 08:15:00', 15, NULL, 2),
(384, NULL, '2014-09-30 08:45:00', '2014-09-30 08:30:00', 15, NULL, 2),
(385, NULL, '2014-09-30 09:00:00', '2014-09-30 08:45:00', 15, NULL, 2),
(386, NULL, '2014-09-30 09:15:00', '2014-09-30 09:00:00', 15, NULL, 2),
(387, NULL, '2014-09-30 09:30:00', '2014-09-30 09:15:00', 15, NULL, 2),
(388, NULL, '2014-09-30 09:45:00', '2014-09-30 09:30:00', 15, NULL, 2),
(389, NULL, '2014-09-30 10:00:00', '2014-09-30 09:45:00', 15, NULL, 2),
(390, NULL, '2014-09-30 10:15:00', '2014-09-30 10:00:00', 15, NULL, 2),
(391, NULL, '2014-09-30 10:30:00', '2014-09-30 10:15:00', 15, NULL, 2),
(392, NULL, '2014-09-30 10:45:00', '2014-09-30 10:30:00', 15, NULL, 2),
(393, NULL, '2014-09-30 11:00:00', '2014-09-30 10:45:00', 15, NULL, 2),
(394, NULL, '2014-09-30 11:15:00', '2014-09-30 11:00:00', 15, NULL, 2),
(395, NULL, '2014-09-30 11:30:00', '2014-09-30 11:15:00', 15, NULL, 2),
(396, NULL, '2014-09-30 11:45:00', '2014-09-30 11:30:00', 15, NULL, 2),
(397, NULL, '2014-09-30 12:00:00', '2014-09-30 11:45:00', 15, NULL, 2),
(398, NULL, '2014-09-30 12:15:00', '2014-09-30 12:00:00', 15, NULL, 2),
(399, NULL, '2014-09-30 12:30:00', '2014-09-30 12:15:00', 15, NULL, 2),
(400, NULL, '2014-09-30 12:45:00', '2014-09-30 12:30:00', 15, NULL, 2),
(401, NULL, '2014-09-30 13:00:00', '2014-09-30 12:45:00', 15, NULL, 2),
(402, NULL, '2014-09-30 13:15:00', '2014-09-30 13:00:00', 15, NULL, 2),
(403, NULL, '2014-09-30 13:30:00', '2014-09-30 13:15:00', 15, NULL, 2),
(404, NULL, '2014-09-30 13:45:00', '2014-09-30 13:30:00', 15, NULL, 2),
(405, NULL, '2014-09-30 14:00:00', '2014-09-30 13:45:00', 15, NULL, 2),
(406, NULL, '2014-09-30 14:15:00', '2014-09-30 14:00:00', 15, NULL, 2),
(407, NULL, '2014-09-30 14:30:00', '2014-09-30 14:15:00', 15, NULL, 2),
(408, NULL, '2014-09-30 14:45:00', '2014-09-30 14:30:00', 15, NULL, 2),
(409, NULL, '2014-09-30 15:00:00', '2014-09-30 14:45:00', 15, NULL, 2),
(410, NULL, '2014-09-30 15:15:00', '2014-09-30 15:00:00', 15, NULL, 2),
(411, NULL, '2014-09-30 15:30:00', '2014-09-30 15:15:00', 15, NULL, 2),
(412, NULL, '2014-09-30 15:45:00', '2014-09-30 15:30:00', 15, NULL, 2),
(413, NULL, '2014-09-30 16:00:00', '2014-09-30 15:45:00', 15, NULL, 2),
(414, NULL, '2014-10-02 08:15:00', '2014-10-02 08:00:00', 15, NULL, 2),
(415, NULL, '2014-10-02 08:30:00', '2014-10-02 08:15:00', 15, NULL, 2),
(416, NULL, '2014-10-02 08:45:00', '2014-10-02 08:30:00', 15, NULL, 2),
(417, NULL, '2014-10-02 09:00:00', '2014-10-02 08:45:00', 15, NULL, 2),
(418, NULL, '2014-10-02 09:15:00', '2014-10-02 09:00:00', 15, NULL, 2),
(419, NULL, '2014-10-02 09:30:00', '2014-10-02 09:15:00', 15, NULL, 2),
(420, NULL, '2014-10-02 09:45:00', '2014-10-02 09:30:00', 15, NULL, 2),
(421, NULL, '2014-10-02 10:00:00', '2014-10-02 09:45:00', 15, NULL, 2),
(422, NULL, '2014-10-02 10:15:00', '2014-10-02 10:00:00', 15, NULL, 2),
(423, NULL, '2014-10-02 10:30:00', '2014-10-02 10:15:00', 15, NULL, 2),
(424, NULL, '2014-10-02 10:45:00', '2014-10-02 10:30:00', 15, NULL, 2),
(425, NULL, '2014-10-02 11:00:00', '2014-10-02 10:45:00', 15, NULL, 2),
(426, NULL, '2014-10-02 11:15:00', '2014-10-02 11:00:00', 15, NULL, 2),
(427, NULL, '2014-10-02 11:30:00', '2014-10-02 11:15:00', 15, NULL, 2),
(428, NULL, '2014-10-02 11:45:00', '2014-10-02 11:30:00', 15, NULL, 2),
(429, NULL, '2014-10-02 12:00:00', '2014-10-02 11:45:00', 15, NULL, 2),
(430, NULL, '2014-10-02 12:15:00', '2014-10-02 12:00:00', 15, NULL, 2),
(431, NULL, '2014-10-02 12:30:00', '2014-10-02 12:15:00', 15, NULL, 2),
(432, NULL, '2014-10-02 12:45:00', '2014-10-02 12:30:00', 15, NULL, 2),
(433, NULL, '2014-10-02 13:00:00', '2014-10-02 12:45:00', 15, NULL, 2),
(434, NULL, '2014-10-02 13:15:00', '2014-10-02 13:00:00', 15, NULL, 2),
(435, NULL, '2014-10-02 13:30:00', '2014-10-02 13:15:00', 15, NULL, 2),
(436, NULL, '2014-10-02 13:45:00', '2014-10-02 13:30:00', 15, NULL, 2),
(437, NULL, '2014-10-02 14:00:00', '2014-10-02 13:45:00', 15, NULL, 2),
(438, NULL, '2014-10-02 14:15:00', '2014-10-02 14:00:00', 15, NULL, 2),
(439, NULL, '2014-10-02 14:30:00', '2014-10-02 14:15:00', 15, NULL, 2),
(440, NULL, '2014-10-02 14:45:00', '2014-10-02 14:30:00', 15, NULL, 2),
(441, NULL, '2014-10-02 15:00:00', '2014-10-02 14:45:00', 15, NULL, 2),
(442, NULL, '2014-10-02 15:15:00', '2014-10-02 15:00:00', 15, NULL, 2),
(443, NULL, '2014-10-02 15:30:00', '2014-10-02 15:15:00', 15, NULL, 2),
(444, NULL, '2014-10-02 15:45:00', '2014-10-02 15:30:00', 15, NULL, 2),
(445, NULL, '2014-10-02 16:00:00', '2014-10-02 15:45:00', 15, NULL, 2),
(446, NULL, '2014-10-07 08:15:00', '2014-10-07 08:00:00', 15, NULL, 2),
(447, NULL, '2014-10-07 08:30:00', '2014-10-07 08:15:00', 15, NULL, 2),
(448, NULL, '2014-10-07 08:45:00', '2014-10-07 08:30:00', 15, NULL, 2),
(449, NULL, '2014-10-07 09:00:00', '2014-10-07 08:45:00', 15, NULL, 2),
(450, NULL, '2014-10-07 09:15:00', '2014-10-07 09:00:00', 15, NULL, 2),
(451, NULL, '2014-10-07 09:30:00', '2014-10-07 09:15:00', 15, NULL, 2),
(452, NULL, '2014-10-07 09:45:00', '2014-10-07 09:30:00', 15, NULL, 2),
(453, NULL, '2014-10-07 10:00:00', '2014-10-07 09:45:00', 15, NULL, 2),
(454, NULL, '2014-10-07 10:15:00', '2014-10-07 10:00:00', 15, NULL, 2),
(455, NULL, '2014-10-07 10:30:00', '2014-10-07 10:15:00', 15, NULL, 2),
(456, NULL, '2014-10-07 10:45:00', '2014-10-07 10:30:00', 15, NULL, 2),
(457, NULL, '2014-10-07 11:00:00', '2014-10-07 10:45:00', 15, NULL, 2),
(458, NULL, '2014-10-07 11:15:00', '2014-10-07 11:00:00', 15, NULL, 2),
(459, NULL, '2014-10-07 11:30:00', '2014-10-07 11:15:00', 15, NULL, 2),
(460, NULL, '2014-10-07 11:45:00', '2014-10-07 11:30:00', 15, NULL, 2),
(461, NULL, '2014-10-07 12:00:00', '2014-10-07 11:45:00', 15, NULL, 2),
(462, NULL, '2014-10-07 12:15:00', '2014-10-07 12:00:00', 15, NULL, 2),
(463, NULL, '2014-10-07 12:30:00', '2014-10-07 12:15:00', 15, NULL, 2),
(464, NULL, '2014-10-07 12:45:00', '2014-10-07 12:30:00', 15, NULL, 2),
(465, NULL, '2014-10-07 13:00:00', '2014-10-07 12:45:00', 15, NULL, 2),
(466, NULL, '2014-10-07 13:15:00', '2014-10-07 13:00:00', 15, NULL, 2),
(467, NULL, '2014-10-07 13:30:00', '2014-10-07 13:15:00', 15, NULL, 2),
(468, NULL, '2014-10-07 13:45:00', '2014-10-07 13:30:00', 15, NULL, 2),
(469, NULL, '2014-10-07 14:00:00', '2014-10-07 13:45:00', 15, NULL, 2),
(470, NULL, '2014-10-07 14:15:00', '2014-10-07 14:00:00', 15, NULL, 2),
(471, NULL, '2014-10-07 14:30:00', '2014-10-07 14:15:00', 15, NULL, 2),
(472, NULL, '2014-10-07 14:45:00', '2014-10-07 14:30:00', 15, NULL, 2),
(473, NULL, '2014-10-07 15:00:00', '2014-10-07 14:45:00', 15, NULL, 2),
(474, NULL, '2014-10-07 15:15:00', '2014-10-07 15:00:00', 15, NULL, 2),
(475, NULL, '2014-10-07 15:30:00', '2014-10-07 15:15:00', 15, NULL, 2),
(476, NULL, '2014-10-07 15:45:00', '2014-10-07 15:30:00', 15, NULL, 2),
(477, NULL, '2014-10-07 16:00:00', '2014-10-07 15:45:00', 15, NULL, 2),
(478, NULL, '2014-10-09 08:15:00', '2014-10-09 08:00:00', 15, NULL, 2),
(479, NULL, '2014-10-09 08:30:00', '2014-10-09 08:15:00', 15, NULL, 2),
(480, NULL, '2014-10-09 08:45:00', '2014-10-09 08:30:00', 15, NULL, 2),
(481, NULL, '2014-10-09 09:00:00', '2014-10-09 08:45:00', 15, NULL, 2),
(482, NULL, '2014-10-09 09:15:00', '2014-10-09 09:00:00', 15, NULL, 2),
(483, NULL, '2014-10-09 09:30:00', '2014-10-09 09:15:00', 15, NULL, 2),
(484, NULL, '2014-10-09 09:45:00', '2014-10-09 09:30:00', 15, NULL, 2),
(485, NULL, '2014-10-09 10:00:00', '2014-10-09 09:45:00', 15, NULL, 2),
(486, NULL, '2014-10-09 10:15:00', '2014-10-09 10:00:00', 15, NULL, 2),
(487, NULL, '2014-10-09 10:30:00', '2014-10-09 10:15:00', 15, NULL, 2),
(488, NULL, '2014-10-09 10:45:00', '2014-10-09 10:30:00', 15, NULL, 2),
(489, NULL, '2014-10-09 11:00:00', '2014-10-09 10:45:00', 15, NULL, 2),
(490, NULL, '2014-10-09 11:15:00', '2014-10-09 11:00:00', 15, NULL, 2),
(491, NULL, '2014-10-09 11:30:00', '2014-10-09 11:15:00', 15, NULL, 2),
(492, NULL, '2014-10-09 11:45:00', '2014-10-09 11:30:00', 15, NULL, 2),
(493, NULL, '2014-10-09 12:00:00', '2014-10-09 11:45:00', 15, NULL, 2),
(494, NULL, '2014-10-09 12:15:00', '2014-10-09 12:00:00', 15, NULL, 2),
(495, NULL, '2014-10-09 12:30:00', '2014-10-09 12:15:00', 15, NULL, 2),
(496, NULL, '2014-10-09 12:45:00', '2014-10-09 12:30:00', 15, NULL, 2),
(497, NULL, '2014-10-09 13:00:00', '2014-10-09 12:45:00', 15, NULL, 2),
(498, NULL, '2014-10-09 13:15:00', '2014-10-09 13:00:00', 15, NULL, 2),
(499, NULL, '2014-10-09 13:30:00', '2014-10-09 13:15:00', 15, NULL, 2),
(500, NULL, '2014-10-09 13:45:00', '2014-10-09 13:30:00', 15, NULL, 2),
(501, NULL, '2014-10-09 14:00:00', '2014-10-09 13:45:00', 15, NULL, 2),
(502, NULL, '2014-10-09 14:15:00', '2014-10-09 14:00:00', 15, NULL, 2),
(503, NULL, '2014-10-09 14:30:00', '2014-10-09 14:15:00', 15, NULL, 2),
(504, NULL, '2014-10-09 14:45:00', '2014-10-09 14:30:00', 15, NULL, 2),
(505, NULL, '2014-10-09 15:00:00', '2014-10-09 14:45:00', 15, NULL, 2),
(506, NULL, '2014-10-09 15:15:00', '2014-10-09 15:00:00', 15, NULL, 2),
(507, NULL, '2014-10-09 15:30:00', '2014-10-09 15:15:00', 15, NULL, 2),
(508, NULL, '2014-10-09 15:45:00', '2014-10-09 15:30:00', 15, NULL, 2),
(509, NULL, '2014-10-09 16:00:00', '2014-10-09 15:45:00', 15, NULL, 2),
(510, NULL, '2014-10-14 08:15:00', '2014-10-14 08:00:00', 15, NULL, 2),
(511, NULL, '2014-10-14 08:30:00', '2014-10-14 08:15:00', 15, NULL, 2),
(512, NULL, '2014-10-14 08:45:00', '2014-10-14 08:30:00', 15, NULL, 2),
(513, NULL, '2014-10-14 09:00:00', '2014-10-14 08:45:00', 15, NULL, 2),
(514, NULL, '2014-10-14 09:15:00', '2014-10-14 09:00:00', 15, NULL, 2),
(515, NULL, '2014-10-14 09:30:00', '2014-10-14 09:15:00', 15, NULL, 2),
(516, NULL, '2014-10-14 09:45:00', '2014-10-14 09:30:00', 15, NULL, 2),
(517, NULL, '2014-10-14 10:00:00', '2014-10-14 09:45:00', 15, NULL, 2),
(518, NULL, '2014-10-14 10:15:00', '2014-10-14 10:00:00', 15, NULL, 2),
(519, NULL, '2014-10-14 10:30:00', '2014-10-14 10:15:00', 15, NULL, 2),
(520, NULL, '2014-10-14 10:45:00', '2014-10-14 10:30:00', 15, NULL, 2),
(521, NULL, '2014-10-14 11:00:00', '2014-10-14 10:45:00', 15, NULL, 2),
(522, NULL, '2014-10-14 11:15:00', '2014-10-14 11:00:00', 15, NULL, 2),
(523, NULL, '2014-10-14 11:30:00', '2014-10-14 11:15:00', 15, NULL, 2),
(524, NULL, '2014-10-14 11:45:00', '2014-10-14 11:30:00', 15, NULL, 2),
(525, NULL, '2014-10-14 12:00:00', '2014-10-14 11:45:00', 15, NULL, 2),
(526, NULL, '2014-10-14 12:15:00', '2014-10-14 12:00:00', 15, NULL, 2),
(527, NULL, '2014-10-14 12:30:00', '2014-10-14 12:15:00', 15, NULL, 2),
(528, NULL, '2014-10-14 12:45:00', '2014-10-14 12:30:00', 15, NULL, 2),
(529, NULL, '2014-10-14 13:00:00', '2014-10-14 12:45:00', 15, NULL, 2),
(530, NULL, '2014-10-14 13:15:00', '2014-10-14 13:00:00', 15, NULL, 2),
(531, NULL, '2014-10-14 13:30:00', '2014-10-14 13:15:00', 15, NULL, 2),
(532, NULL, '2014-10-14 13:45:00', '2014-10-14 13:30:00', 15, NULL, 2),
(533, NULL, '2014-10-14 14:00:00', '2014-10-14 13:45:00', 15, NULL, 2),
(534, NULL, '2014-10-14 14:15:00', '2014-10-14 14:00:00', 15, NULL, 2),
(535, NULL, '2014-10-14 14:30:00', '2014-10-14 14:15:00', 15, NULL, 2),
(536, NULL, '2014-10-14 14:45:00', '2014-10-14 14:30:00', 15, NULL, 2),
(537, NULL, '2014-10-14 15:00:00', '2014-10-14 14:45:00', 15, NULL, 2),
(538, NULL, '2014-10-14 15:15:00', '2014-10-14 15:00:00', 15, NULL, 2),
(539, NULL, '2014-10-14 15:30:00', '2014-10-14 15:15:00', 15, NULL, 2),
(540, NULL, '2014-10-14 15:45:00', '2014-10-14 15:30:00', 15, NULL, 2),
(541, NULL, '2014-10-14 16:00:00', '2014-10-14 15:45:00', 15, NULL, 2),
(542, NULL, '2014-10-16 08:15:00', '2014-10-16 08:00:00', 15, NULL, 2),
(543, NULL, '2014-10-16 08:30:00', '2014-10-16 08:15:00', 15, NULL, 2),
(544, NULL, '2014-10-16 08:45:00', '2014-10-16 08:30:00', 15, NULL, 2),
(545, NULL, '2014-10-16 09:00:00', '2014-10-16 08:45:00', 15, NULL, 2),
(546, NULL, '2014-10-16 09:15:00', '2014-10-16 09:00:00', 15, NULL, 2),
(547, NULL, '2014-10-16 09:30:00', '2014-10-16 09:15:00', 15, NULL, 2),
(548, NULL, '2014-10-16 09:45:00', '2014-10-16 09:30:00', 15, NULL, 2),
(549, NULL, '2014-10-16 10:00:00', '2014-10-16 09:45:00', 15, NULL, 2),
(550, NULL, '2014-10-16 10:15:00', '2014-10-16 10:00:00', 15, NULL, 2),
(551, NULL, '2014-10-16 10:30:00', '2014-10-16 10:15:00', 15, NULL, 2),
(552, NULL, '2014-10-16 10:45:00', '2014-10-16 10:30:00', 15, NULL, 2),
(553, NULL, '2014-10-16 11:00:00', '2014-10-16 10:45:00', 15, NULL, 2),
(554, NULL, '2014-10-16 11:15:00', '2014-10-16 11:00:00', 15, NULL, 2),
(555, NULL, '2014-10-16 11:30:00', '2014-10-16 11:15:00', 15, NULL, 2),
(556, NULL, '2014-10-16 11:45:00', '2014-10-16 11:30:00', 15, NULL, 2),
(557, NULL, '2014-10-16 12:00:00', '2014-10-16 11:45:00', 15, NULL, 2),
(558, NULL, '2014-10-16 12:15:00', '2014-10-16 12:00:00', 15, NULL, 2),
(559, NULL, '2014-10-16 12:30:00', '2014-10-16 12:15:00', 15, NULL, 2),
(560, NULL, '2014-10-16 12:45:00', '2014-10-16 12:30:00', 15, NULL, 2),
(561, NULL, '2014-10-16 13:00:00', '2014-10-16 12:45:00', 15, NULL, 2),
(562, NULL, '2014-10-16 13:15:00', '2014-10-16 13:00:00', 15, NULL, 2),
(563, NULL, '2014-10-16 13:30:00', '2014-10-16 13:15:00', 15, NULL, 2),
(564, NULL, '2014-10-16 13:45:00', '2014-10-16 13:30:00', 15, NULL, 2),
(565, NULL, '2014-10-16 14:00:00', '2014-10-16 13:45:00', 15, NULL, 2),
(566, NULL, '2014-10-16 14:15:00', '2014-10-16 14:00:00', 15, NULL, 2),
(567, NULL, '2014-10-16 14:30:00', '2014-10-16 14:15:00', 15, NULL, 2),
(568, NULL, '2014-10-16 14:45:00', '2014-10-16 14:30:00', 15, NULL, 2),
(569, NULL, '2014-10-16 15:00:00', '2014-10-16 14:45:00', 15, NULL, 2),
(570, NULL, '2014-10-16 15:15:00', '2014-10-16 15:00:00', 15, NULL, 2),
(571, NULL, '2014-10-16 15:30:00', '2014-10-16 15:15:00', 15, NULL, 2),
(572, NULL, '2014-10-16 15:45:00', '2014-10-16 15:30:00', 15, NULL, 2),
(573, NULL, '2014-10-16 16:00:00', '2014-10-16 15:45:00', 15, NULL, 2),
(574, NULL, '2014-10-21 08:15:00', '2014-10-21 08:00:00', 15, NULL, 2),
(575, NULL, '2014-10-21 08:30:00', '2014-10-21 08:15:00', 15, NULL, 2),
(576, NULL, '2014-10-21 08:45:00', '2014-10-21 08:30:00', 15, NULL, 2),
(577, NULL, '2014-10-21 09:00:00', '2014-10-21 08:45:00', 15, NULL, 2),
(578, NULL, '2014-10-21 09:15:00', '2014-10-21 09:00:00', 15, NULL, 2),
(579, NULL, '2014-10-21 09:30:00', '2014-10-21 09:15:00', 15, NULL, 2),
(580, NULL, '2014-10-21 09:45:00', '2014-10-21 09:30:00', 15, NULL, 2),
(581, NULL, '2014-10-21 10:00:00', '2014-10-21 09:45:00', 15, NULL, 2),
(582, NULL, '2014-10-21 10:15:00', '2014-10-21 10:00:00', 15, NULL, 2),
(583, NULL, '2014-10-21 10:30:00', '2014-10-21 10:15:00', 15, NULL, 2),
(584, NULL, '2014-10-21 10:45:00', '2014-10-21 10:30:00', 15, NULL, 2),
(585, NULL, '2014-10-21 11:00:00', '2014-10-21 10:45:00', 15, NULL, 2),
(586, NULL, '2014-10-21 11:15:00', '2014-10-21 11:00:00', 15, NULL, 2),
(587, NULL, '2014-10-21 11:30:00', '2014-10-21 11:15:00', 15, NULL, 2),
(588, NULL, '2014-10-21 11:45:00', '2014-10-21 11:30:00', 15, NULL, 2),
(589, NULL, '2014-10-21 12:00:00', '2014-10-21 11:45:00', 15, NULL, 2),
(590, NULL, '2014-10-21 12:15:00', '2014-10-21 12:00:00', 15, NULL, 2),
(591, NULL, '2014-10-21 12:30:00', '2014-10-21 12:15:00', 15, NULL, 2),
(592, NULL, '2014-10-21 12:45:00', '2014-10-21 12:30:00', 15, NULL, 2),
(593, NULL, '2014-10-21 13:00:00', '2014-10-21 12:45:00', 15, NULL, 2),
(594, NULL, '2014-10-21 13:15:00', '2014-10-21 13:00:00', 15, NULL, 2),
(595, NULL, '2014-10-21 13:30:00', '2014-10-21 13:15:00', 15, NULL, 2),
(596, NULL, '2014-10-21 13:45:00', '2014-10-21 13:30:00', 15, NULL, 2),
(597, NULL, '2014-10-21 14:00:00', '2014-10-21 13:45:00', 15, NULL, 2),
(598, NULL, '2014-10-21 14:15:00', '2014-10-21 14:00:00', 15, NULL, 2),
(599, NULL, '2014-10-21 14:30:00', '2014-10-21 14:15:00', 15, NULL, 2),
(600, NULL, '2014-10-21 14:45:00', '2014-10-21 14:30:00', 15, NULL, 2),
(601, NULL, '2014-10-21 15:00:00', '2014-10-21 14:45:00', 15, NULL, 2),
(602, NULL, '2014-10-21 15:15:00', '2014-10-21 15:00:00', 15, NULL, 2),
(603, NULL, '2014-10-21 15:30:00', '2014-10-21 15:15:00', 15, NULL, 2),
(604, NULL, '2014-10-21 15:45:00', '2014-10-21 15:30:00', 15, NULL, 2),
(605, NULL, '2014-10-21 16:00:00', '2014-10-21 15:45:00', 15, NULL, 2),
(606, NULL, '2014-10-23 08:15:00', '2014-10-23 08:00:00', 15, NULL, 2),
(607, NULL, '2014-10-23 08:30:00', '2014-10-23 08:15:00', 15, NULL, 2),
(608, NULL, '2014-10-23 08:45:00', '2014-10-23 08:30:00', 15, NULL, 2),
(609, NULL, '2014-10-23 09:00:00', '2014-10-23 08:45:00', 15, NULL, 2),
(610, NULL, '2014-10-23 09:15:00', '2014-10-23 09:00:00', 15, NULL, 2),
(611, NULL, '2014-10-23 09:30:00', '2014-10-23 09:15:00', 15, NULL, 2),
(612, NULL, '2014-10-23 09:45:00', '2014-10-23 09:30:00', 15, NULL, 2),
(613, NULL, '2014-10-23 10:00:00', '2014-10-23 09:45:00', 15, NULL, 2),
(614, NULL, '2014-10-23 10:15:00', '2014-10-23 10:00:00', 15, NULL, 2),
(615, NULL, '2014-10-23 10:30:00', '2014-10-23 10:15:00', 15, NULL, 2),
(616, NULL, '2014-10-23 10:45:00', '2014-10-23 10:30:00', 15, NULL, 2),
(617, NULL, '2014-10-23 11:00:00', '2014-10-23 10:45:00', 15, NULL, 2),
(618, NULL, '2014-10-23 11:15:00', '2014-10-23 11:00:00', 15, NULL, 2),
(619, NULL, '2014-10-23 11:30:00', '2014-10-23 11:15:00', 15, NULL, 2),
(620, NULL, '2014-10-23 11:45:00', '2014-10-23 11:30:00', 15, NULL, 2),
(621, NULL, '2014-10-23 12:00:00', '2014-10-23 11:45:00', 15, NULL, 2),
(622, NULL, '2014-10-23 12:15:00', '2014-10-23 12:00:00', 15, NULL, 2),
(623, NULL, '2014-10-23 12:30:00', '2014-10-23 12:15:00', 15, NULL, 2),
(624, NULL, '2014-10-23 12:45:00', '2014-10-23 12:30:00', 15, NULL, 2),
(625, NULL, '2014-10-23 13:00:00', '2014-10-23 12:45:00', 15, NULL, 2),
(626, NULL, '2014-10-23 13:15:00', '2014-10-23 13:00:00', 15, NULL, 2),
(627, NULL, '2014-10-23 13:30:00', '2014-10-23 13:15:00', 15, NULL, 2),
(628, NULL, '2014-10-23 13:45:00', '2014-10-23 13:30:00', 15, NULL, 2),
(629, NULL, '2014-10-23 14:00:00', '2014-10-23 13:45:00', 15, NULL, 2),
(630, NULL, '2014-10-23 14:15:00', '2014-10-23 14:00:00', 15, NULL, 2),
(631, NULL, '2014-10-23 14:30:00', '2014-10-23 14:15:00', 15, NULL, 2),
(632, NULL, '2014-10-23 14:45:00', '2014-10-23 14:30:00', 15, NULL, 2),
(633, NULL, '2014-10-23 15:00:00', '2014-10-23 14:45:00', 15, NULL, 2),
(634, NULL, '2014-10-23 15:15:00', '2014-10-23 15:00:00', 15, NULL, 2),
(635, NULL, '2014-10-23 15:30:00', '2014-10-23 15:15:00', 15, NULL, 2),
(636, NULL, '2014-10-23 15:45:00', '2014-10-23 15:30:00', 15, NULL, 2),
(637, NULL, '2014-10-23 16:00:00', '2014-10-23 15:45:00', 15, NULL, 2),
(638, NULL, '2014-10-28 08:15:00', '2014-10-28 08:00:00', 15, NULL, 2),
(639, NULL, '2014-10-28 08:30:00', '2014-10-28 08:15:00', 15, NULL, 2),
(640, NULL, '2014-10-28 08:45:00', '2014-10-28 08:30:00', 15, NULL, 2),
(641, NULL, '2014-10-28 09:00:00', '2014-10-28 08:45:00', 15, NULL, 2),
(642, NULL, '2014-10-28 09:15:00', '2014-10-28 09:00:00', 15, NULL, 2),
(643, NULL, '2014-10-28 09:30:00', '2014-10-28 09:15:00', 15, NULL, 2),
(644, NULL, '2014-10-28 09:45:00', '2014-10-28 09:30:00', 15, NULL, 2),
(645, NULL, '2014-10-28 10:00:00', '2014-10-28 09:45:00', 15, NULL, 2),
(646, NULL, '2014-10-28 10:15:00', '2014-10-28 10:00:00', 15, NULL, 2),
(647, NULL, '2014-10-28 10:30:00', '2014-10-28 10:15:00', 15, NULL, 2),
(648, NULL, '2014-10-28 10:45:00', '2014-10-28 10:30:00', 15, NULL, 2),
(649, NULL, '2014-10-28 11:00:00', '2014-10-28 10:45:00', 15, NULL, 2),
(650, NULL, '2014-10-28 11:15:00', '2014-10-28 11:00:00', 15, NULL, 2),
(651, NULL, '2014-10-28 11:30:00', '2014-10-28 11:15:00', 15, NULL, 2),
(652, NULL, '2014-10-28 11:45:00', '2014-10-28 11:30:00', 15, NULL, 2),
(653, NULL, '2014-10-28 12:00:00', '2014-10-28 11:45:00', 15, NULL, 2),
(654, NULL, '2014-10-28 12:15:00', '2014-10-28 12:00:00', 15, NULL, 2),
(655, NULL, '2014-10-28 12:30:00', '2014-10-28 12:15:00', 15, NULL, 2),
(656, NULL, '2014-10-28 12:45:00', '2014-10-28 12:30:00', 15, NULL, 2),
(657, NULL, '2014-10-28 13:00:00', '2014-10-28 12:45:00', 15, NULL, 2),
(658, NULL, '2014-10-28 13:15:00', '2014-10-28 13:00:00', 15, NULL, 2),
(659, NULL, '2014-10-28 13:30:00', '2014-10-28 13:15:00', 15, NULL, 2),
(660, NULL, '2014-10-28 13:45:00', '2014-10-28 13:30:00', 15, NULL, 2),
(661, NULL, '2014-10-28 14:00:00', '2014-10-28 13:45:00', 15, NULL, 2),
(662, NULL, '2014-10-28 14:15:00', '2014-10-28 14:00:00', 15, NULL, 2),
(663, NULL, '2014-10-28 14:30:00', '2014-10-28 14:15:00', 15, NULL, 2),
(664, NULL, '2014-10-28 14:45:00', '2014-10-28 14:30:00', 15, NULL, 2),
(665, NULL, '2014-10-28 15:00:00', '2014-10-28 14:45:00', 15, NULL, 2),
(666, NULL, '2014-10-28 15:15:00', '2014-10-28 15:00:00', 15, NULL, 2),
(667, NULL, '2014-10-28 15:30:00', '2014-10-28 15:15:00', 15, NULL, 2),
(668, NULL, '2014-10-28 15:45:00', '2014-10-28 15:30:00', 15, NULL, 2),
(669, NULL, '2014-10-28 16:00:00', '2014-10-28 15:45:00', 15, NULL, 2),
(670, NULL, '2014-10-30 08:15:00', '2014-10-30 08:00:00', 15, NULL, 2),
(671, NULL, '2014-10-30 08:30:00', '2014-10-30 08:15:00', 15, NULL, 2),
(672, NULL, '2014-10-30 08:45:00', '2014-10-30 08:30:00', 15, NULL, 2),
(673, NULL, '2014-10-30 09:00:00', '2014-10-30 08:45:00', 15, NULL, 2),
(674, NULL, '2014-10-30 09:15:00', '2014-10-30 09:00:00', 15, NULL, 2),
(675, NULL, '2014-10-30 09:30:00', '2014-10-30 09:15:00', 15, NULL, 2),
(676, NULL, '2014-10-30 09:45:00', '2014-10-30 09:30:00', 15, NULL, 2),
(677, NULL, '2014-10-30 10:00:00', '2014-10-30 09:45:00', 15, NULL, 2),
(678, NULL, '2014-10-30 10:15:00', '2014-10-30 10:00:00', 15, NULL, 2),
(679, NULL, '2014-10-30 10:30:00', '2014-10-30 10:15:00', 15, NULL, 2),
(680, NULL, '2014-10-30 10:45:00', '2014-10-30 10:30:00', 15, NULL, 2),
(681, NULL, '2014-10-30 11:00:00', '2014-10-30 10:45:00', 15, NULL, 2),
(682, NULL, '2014-10-30 11:15:00', '2014-10-30 11:00:00', 15, NULL, 2),
(683, NULL, '2014-10-30 11:30:00', '2014-10-30 11:15:00', 15, NULL, 2),
(684, NULL, '2014-10-30 11:45:00', '2014-10-30 11:30:00', 15, NULL, 2),
(685, NULL, '2014-10-30 12:00:00', '2014-10-30 11:45:00', 15, NULL, 2),
(686, NULL, '2014-10-30 12:15:00', '2014-10-30 12:00:00', 15, NULL, 2),
(687, NULL, '2014-10-30 12:30:00', '2014-10-30 12:15:00', 15, NULL, 2),
(688, NULL, '2014-10-30 12:45:00', '2014-10-30 12:30:00', 15, NULL, 2),
(689, NULL, '2014-10-30 13:00:00', '2014-10-30 12:45:00', 15, NULL, 2),
(690, NULL, '2014-10-30 13:15:00', '2014-10-30 13:00:00', 15, NULL, 2),
(691, NULL, '2014-10-30 13:30:00', '2014-10-30 13:15:00', 15, NULL, 2),
(692, NULL, '2014-10-30 13:45:00', '2014-10-30 13:30:00', 15, NULL, 2),
(693, NULL, '2014-10-30 14:00:00', '2014-10-30 13:45:00', 15, NULL, 2),
(694, NULL, '2014-10-30 14:15:00', '2014-10-30 14:00:00', 15, NULL, 2),
(695, NULL, '2014-10-30 14:30:00', '2014-10-30 14:15:00', 15, NULL, 2),
(696, NULL, '2014-10-30 14:45:00', '2014-10-30 14:30:00', 15, NULL, 2),
(697, NULL, '2014-10-30 15:00:00', '2014-10-30 14:45:00', 15, NULL, 2),
(698, NULL, '2014-10-30 15:15:00', '2014-10-30 15:00:00', 15, NULL, 2),
(699, NULL, '2014-10-30 15:30:00', '2014-10-30 15:15:00', 15, NULL, 2),
(700, NULL, '2014-10-30 15:45:00', '2014-10-30 15:30:00', 15, NULL, 2),
(701, NULL, '2014-10-30 16:00:00', '2014-10-30 15:45:00', 15, NULL, 2),
(702, NULL, '2014-11-04 08:15:00', '2014-11-04 08:00:00', 15, NULL, 2),
(703, NULL, '2014-11-04 08:30:00', '2014-11-04 08:15:00', 15, NULL, 2),
(704, NULL, '2014-11-04 08:45:00', '2014-11-04 08:30:00', 15, NULL, 2),
(705, NULL, '2014-11-04 09:00:00', '2014-11-04 08:45:00', 15, NULL, 2),
(706, NULL, '2014-11-04 09:15:00', '2014-11-04 09:00:00', 15, NULL, 2);
INSERT INTO `visit` (`id`, `description`, `endTime`, `startTime`, `doctorId`, `patientId`, `roomId`) VALUES
(707, NULL, '2014-11-04 09:30:00', '2014-11-04 09:15:00', 15, NULL, 2),
(708, NULL, '2014-11-04 09:45:00', '2014-11-04 09:30:00', 15, NULL, 2),
(709, NULL, '2014-11-04 10:00:00', '2014-11-04 09:45:00', 15, NULL, 2),
(710, NULL, '2014-11-04 10:15:00', '2014-11-04 10:00:00', 15, NULL, 2),
(711, NULL, '2014-11-04 10:30:00', '2014-11-04 10:15:00', 15, NULL, 2),
(712, NULL, '2014-11-04 10:45:00', '2014-11-04 10:30:00', 15, NULL, 2),
(713, NULL, '2014-11-04 11:00:00', '2014-11-04 10:45:00', 15, NULL, 2),
(714, NULL, '2014-11-04 11:15:00', '2014-11-04 11:00:00', 15, NULL, 2),
(715, NULL, '2014-11-04 11:30:00', '2014-11-04 11:15:00', 15, NULL, 2),
(716, NULL, '2014-11-04 11:45:00', '2014-11-04 11:30:00', 15, NULL, 2),
(717, NULL, '2014-11-04 12:00:00', '2014-11-04 11:45:00', 15, NULL, 2),
(718, NULL, '2014-11-04 12:15:00', '2014-11-04 12:00:00', 15, NULL, 2),
(719, NULL, '2014-11-04 12:30:00', '2014-11-04 12:15:00', 15, NULL, 2),
(720, NULL, '2014-11-04 12:45:00', '2014-11-04 12:30:00', 15, NULL, 2),
(721, NULL, '2014-11-04 13:00:00', '2014-11-04 12:45:00', 15, NULL, 2),
(722, NULL, '2014-11-04 13:15:00', '2014-11-04 13:00:00', 15, NULL, 2),
(723, NULL, '2014-11-04 13:30:00', '2014-11-04 13:15:00', 15, NULL, 2),
(724, NULL, '2014-11-04 13:45:00', '2014-11-04 13:30:00', 15, NULL, 2),
(725, NULL, '2014-11-04 14:00:00', '2014-11-04 13:45:00', 15, NULL, 2),
(726, NULL, '2014-11-04 14:15:00', '2014-11-04 14:00:00', 15, NULL, 2),
(727, NULL, '2014-11-04 14:30:00', '2014-11-04 14:15:00', 15, NULL, 2),
(728, NULL, '2014-11-04 14:45:00', '2014-11-04 14:30:00', 15, NULL, 2),
(729, NULL, '2014-11-04 15:00:00', '2014-11-04 14:45:00', 15, NULL, 2),
(730, NULL, '2014-11-04 15:15:00', '2014-11-04 15:00:00', 15, NULL, 2),
(731, NULL, '2014-11-04 15:30:00', '2014-11-04 15:15:00', 15, NULL, 2),
(732, NULL, '2014-11-04 15:45:00', '2014-11-04 15:30:00', 15, NULL, 2),
(733, NULL, '2014-11-04 16:00:00', '2014-11-04 15:45:00', 15, NULL, 2),
(734, NULL, '2014-11-06 08:15:00', '2014-11-06 08:00:00', 15, NULL, 2),
(735, NULL, '2014-11-06 08:30:00', '2014-11-06 08:15:00', 15, NULL, 2),
(736, NULL, '2014-11-06 08:45:00', '2014-11-06 08:30:00', 15, NULL, 2),
(737, NULL, '2014-11-06 09:00:00', '2014-11-06 08:45:00', 15, NULL, 2),
(738, NULL, '2014-11-06 09:15:00', '2014-11-06 09:00:00', 15, NULL, 2),
(739, NULL, '2014-11-06 09:30:00', '2014-11-06 09:15:00', 15, NULL, 2),
(740, NULL, '2014-11-06 09:45:00', '2014-11-06 09:30:00', 15, NULL, 2),
(741, NULL, '2014-11-06 10:00:00', '2014-11-06 09:45:00', 15, NULL, 2),
(742, NULL, '2014-11-06 10:15:00', '2014-11-06 10:00:00', 15, NULL, 2),
(743, NULL, '2014-11-06 10:30:00', '2014-11-06 10:15:00', 15, NULL, 2),
(744, NULL, '2014-11-06 10:45:00', '2014-11-06 10:30:00', 15, NULL, 2),
(745, NULL, '2014-11-06 11:00:00', '2014-11-06 10:45:00', 15, NULL, 2),
(746, NULL, '2014-11-06 11:15:00', '2014-11-06 11:00:00', 15, NULL, 2),
(747, NULL, '2014-11-06 11:30:00', '2014-11-06 11:15:00', 15, NULL, 2),
(748, NULL, '2014-11-06 11:45:00', '2014-11-06 11:30:00', 15, NULL, 2),
(749, NULL, '2014-11-06 12:00:00', '2014-11-06 11:45:00', 15, NULL, 2),
(750, NULL, '2014-11-06 12:15:00', '2014-11-06 12:00:00', 15, NULL, 2),
(751, NULL, '2014-11-06 12:30:00', '2014-11-06 12:15:00', 15, NULL, 2),
(752, NULL, '2014-11-06 12:45:00', '2014-11-06 12:30:00', 15, NULL, 2),
(753, NULL, '2014-11-06 13:00:00', '2014-11-06 12:45:00', 15, NULL, 2),
(754, NULL, '2014-11-06 13:15:00', '2014-11-06 13:00:00', 15, NULL, 2),
(755, NULL, '2014-11-06 13:30:00', '2014-11-06 13:15:00', 15, NULL, 2),
(756, NULL, '2014-11-06 13:45:00', '2014-11-06 13:30:00', 15, NULL, 2),
(757, NULL, '2014-11-06 14:00:00', '2014-11-06 13:45:00', 15, NULL, 2),
(758, NULL, '2014-11-06 14:15:00', '2014-11-06 14:00:00', 15, NULL, 2),
(759, NULL, '2014-11-06 14:30:00', '2014-11-06 14:15:00', 15, NULL, 2),
(760, NULL, '2014-11-06 14:45:00', '2014-11-06 14:30:00', 15, NULL, 2),
(761, NULL, '2014-11-06 15:00:00', '2014-11-06 14:45:00', 15, NULL, 2),
(762, NULL, '2014-11-06 15:15:00', '2014-11-06 15:00:00', 15, NULL, 2),
(763, NULL, '2014-11-06 15:30:00', '2014-11-06 15:15:00', 15, NULL, 2),
(764, NULL, '2014-11-06 15:45:00', '2014-11-06 15:30:00', 15, NULL, 2),
(765, NULL, '2014-11-06 16:00:00', '2014-11-06 15:45:00', 15, NULL, 2),
(766, NULL, '2014-11-11 08:15:00', '2014-11-11 08:00:00', 15, NULL, 2),
(767, NULL, '2014-11-11 08:30:00', '2014-11-11 08:15:00', 15, NULL, 2),
(768, NULL, '2014-11-11 08:45:00', '2014-11-11 08:30:00', 15, NULL, 2),
(769, NULL, '2014-11-11 09:00:00', '2014-11-11 08:45:00', 15, NULL, 2),
(770, NULL, '2014-11-11 09:15:00', '2014-11-11 09:00:00', 15, NULL, 2),
(771, NULL, '2014-11-11 09:30:00', '2014-11-11 09:15:00', 15, NULL, 2),
(772, NULL, '2014-11-11 09:45:00', '2014-11-11 09:30:00', 15, NULL, 2),
(773, NULL, '2014-11-11 10:00:00', '2014-11-11 09:45:00', 15, NULL, 2),
(774, NULL, '2014-11-11 10:15:00', '2014-11-11 10:00:00', 15, NULL, 2),
(775, NULL, '2014-11-11 10:30:00', '2014-11-11 10:15:00', 15, NULL, 2),
(776, NULL, '2014-11-11 10:45:00', '2014-11-11 10:30:00', 15, NULL, 2),
(777, NULL, '2014-11-11 11:00:00', '2014-11-11 10:45:00', 15, NULL, 2),
(778, NULL, '2014-11-11 11:15:00', '2014-11-11 11:00:00', 15, NULL, 2),
(779, NULL, '2014-11-11 11:30:00', '2014-11-11 11:15:00', 15, NULL, 2),
(780, NULL, '2014-11-11 11:45:00', '2014-11-11 11:30:00', 15, NULL, 2),
(781, NULL, '2014-11-11 12:00:00', '2014-11-11 11:45:00', 15, NULL, 2),
(782, NULL, '2014-11-11 12:15:00', '2014-11-11 12:00:00', 15, NULL, 2),
(783, NULL, '2014-11-11 12:30:00', '2014-11-11 12:15:00', 15, NULL, 2),
(784, NULL, '2014-11-11 12:45:00', '2014-11-11 12:30:00', 15, NULL, 2),
(785, NULL, '2014-11-11 13:00:00', '2014-11-11 12:45:00', 15, NULL, 2),
(786, NULL, '2014-11-11 13:15:00', '2014-11-11 13:00:00', 15, NULL, 2),
(787, NULL, '2014-11-11 13:30:00', '2014-11-11 13:15:00', 15, NULL, 2),
(788, NULL, '2014-11-11 13:45:00', '2014-11-11 13:30:00', 15, NULL, 2),
(789, NULL, '2014-11-11 14:00:00', '2014-11-11 13:45:00', 15, NULL, 2),
(790, NULL, '2014-11-11 14:15:00', '2014-11-11 14:00:00', 15, NULL, 2),
(791, NULL, '2014-11-11 14:30:00', '2014-11-11 14:15:00', 15, NULL, 2),
(792, NULL, '2014-11-11 14:45:00', '2014-11-11 14:30:00', 15, NULL, 2),
(793, NULL, '2014-11-11 15:00:00', '2014-11-11 14:45:00', 15, NULL, 2),
(794, NULL, '2014-11-11 15:15:00', '2014-11-11 15:00:00', 15, NULL, 2),
(795, NULL, '2014-11-11 15:30:00', '2014-11-11 15:15:00', 15, NULL, 2),
(796, NULL, '2014-11-11 15:45:00', '2014-11-11 15:30:00', 15, NULL, 2),
(797, NULL, '2014-11-11 16:00:00', '2014-11-11 15:45:00', 15, NULL, 2),
(798, NULL, '2014-11-13 08:15:00', '2014-11-13 08:00:00', 15, NULL, 2),
(799, NULL, '2014-11-13 08:30:00', '2014-11-13 08:15:00', 15, NULL, 2),
(800, NULL, '2014-11-13 08:45:00', '2014-11-13 08:30:00', 15, NULL, 2),
(801, NULL, '2014-11-13 09:00:00', '2014-11-13 08:45:00', 15, NULL, 2),
(802, NULL, '2014-11-13 09:15:00', '2014-11-13 09:00:00', 15, NULL, 2),
(803, NULL, '2014-11-13 09:30:00', '2014-11-13 09:15:00', 15, NULL, 2),
(804, NULL, '2014-11-13 09:45:00', '2014-11-13 09:30:00', 15, NULL, 2),
(805, NULL, '2014-11-13 10:00:00', '2014-11-13 09:45:00', 15, NULL, 2),
(806, NULL, '2014-11-13 10:15:00', '2014-11-13 10:00:00', 15, NULL, 2),
(807, NULL, '2014-11-13 10:30:00', '2014-11-13 10:15:00', 15, NULL, 2),
(808, NULL, '2014-11-13 10:45:00', '2014-11-13 10:30:00', 15, NULL, 2),
(809, NULL, '2014-11-13 11:00:00', '2014-11-13 10:45:00', 15, NULL, 2),
(810, NULL, '2014-11-13 11:15:00', '2014-11-13 11:00:00', 15, NULL, 2),
(811, NULL, '2014-11-13 11:30:00', '2014-11-13 11:15:00', 15, NULL, 2),
(812, NULL, '2014-11-13 11:45:00', '2014-11-13 11:30:00', 15, NULL, 2),
(813, NULL, '2014-11-13 12:00:00', '2014-11-13 11:45:00', 15, NULL, 2),
(814, NULL, '2014-11-13 12:15:00', '2014-11-13 12:00:00', 15, NULL, 2),
(815, NULL, '2014-11-13 12:30:00', '2014-11-13 12:15:00', 15, NULL, 2),
(816, NULL, '2014-11-13 12:45:00', '2014-11-13 12:30:00', 15, NULL, 2),
(817, NULL, '2014-11-13 13:00:00', '2014-11-13 12:45:00', 15, NULL, 2),
(818, NULL, '2014-11-13 13:15:00', '2014-11-13 13:00:00', 15, NULL, 2),
(819, NULL, '2014-11-13 13:30:00', '2014-11-13 13:15:00', 15, NULL, 2),
(820, NULL, '2014-11-13 13:45:00', '2014-11-13 13:30:00', 15, NULL, 2),
(821, NULL, '2014-11-13 14:00:00', '2014-11-13 13:45:00', 15, NULL, 2),
(822, NULL, '2014-11-13 14:15:00', '2014-11-13 14:00:00', 15, NULL, 2),
(823, NULL, '2014-11-13 14:30:00', '2014-11-13 14:15:00', 15, NULL, 2),
(824, NULL, '2014-11-13 14:45:00', '2014-11-13 14:30:00', 15, NULL, 2),
(825, NULL, '2014-11-13 15:00:00', '2014-11-13 14:45:00', 15, NULL, 2),
(826, NULL, '2014-11-13 15:15:00', '2014-11-13 15:00:00', 15, NULL, 2),
(827, NULL, '2014-11-13 15:30:00', '2014-11-13 15:15:00', 15, NULL, 2),
(828, NULL, '2014-11-13 15:45:00', '2014-11-13 15:30:00', 15, NULL, 2),
(829, NULL, '2014-11-13 16:00:00', '2014-11-13 15:45:00', 15, NULL, 2),
(830, NULL, '2014-11-18 08:15:00', '2014-11-18 08:00:00', 15, NULL, 2),
(831, NULL, '2014-11-18 08:30:00', '2014-11-18 08:15:00', 15, NULL, 2),
(832, NULL, '2014-11-18 08:45:00', '2014-11-18 08:30:00', 15, NULL, 2),
(833, NULL, '2014-11-18 09:00:00', '2014-11-18 08:45:00', 15, NULL, 2),
(834, NULL, '2014-11-18 09:15:00', '2014-11-18 09:00:00', 15, NULL, 2),
(835, NULL, '2014-11-18 09:30:00', '2014-11-18 09:15:00', 15, NULL, 2),
(836, NULL, '2014-11-18 09:45:00', '2014-11-18 09:30:00', 15, NULL, 2),
(837, NULL, '2014-11-18 10:00:00', '2014-11-18 09:45:00', 15, NULL, 2),
(838, NULL, '2014-11-18 10:15:00', '2014-11-18 10:00:00', 15, NULL, 2),
(839, NULL, '2014-11-18 10:30:00', '2014-11-18 10:15:00', 15, NULL, 2),
(840, NULL, '2014-11-18 10:45:00', '2014-11-18 10:30:00', 15, NULL, 2),
(841, NULL, '2014-11-18 11:00:00', '2014-11-18 10:45:00', 15, NULL, 2),
(842, NULL, '2014-11-18 11:15:00', '2014-11-18 11:00:00', 15, NULL, 2),
(843, NULL, '2014-11-18 11:30:00', '2014-11-18 11:15:00', 15, NULL, 2),
(844, NULL, '2014-11-18 11:45:00', '2014-11-18 11:30:00', 15, NULL, 2),
(845, NULL, '2014-11-18 12:00:00', '2014-11-18 11:45:00', 15, NULL, 2),
(846, NULL, '2014-11-18 12:15:00', '2014-11-18 12:00:00', 15, NULL, 2),
(847, NULL, '2014-11-18 12:30:00', '2014-11-18 12:15:00', 15, NULL, 2),
(848, NULL, '2014-11-18 12:45:00', '2014-11-18 12:30:00', 15, NULL, 2),
(849, NULL, '2014-11-18 13:00:00', '2014-11-18 12:45:00', 15, NULL, 2),
(850, NULL, '2014-11-18 13:15:00', '2014-11-18 13:00:00', 15, NULL, 2),
(851, NULL, '2014-11-18 13:30:00', '2014-11-18 13:15:00', 15, NULL, 2),
(852, NULL, '2014-11-18 13:45:00', '2014-11-18 13:30:00', 15, NULL, 2),
(853, NULL, '2014-11-18 14:00:00', '2014-11-18 13:45:00', 15, NULL, 2),
(854, NULL, '2014-11-18 14:15:00', '2014-11-18 14:00:00', 15, NULL, 2),
(855, NULL, '2014-11-18 14:30:00', '2014-11-18 14:15:00', 15, NULL, 2),
(856, NULL, '2014-11-18 14:45:00', '2014-11-18 14:30:00', 15, NULL, 2),
(857, NULL, '2014-11-18 15:00:00', '2014-11-18 14:45:00', 15, NULL, 2),
(858, NULL, '2014-11-18 15:15:00', '2014-11-18 15:00:00', 15, NULL, 2),
(859, NULL, '2014-11-18 15:30:00', '2014-11-18 15:15:00', 15, NULL, 2),
(860, NULL, '2014-11-18 15:45:00', '2014-11-18 15:30:00', 15, NULL, 2),
(861, NULL, '2014-11-18 16:00:00', '2014-11-18 15:45:00', 15, NULL, 2),
(862, NULL, '2014-11-20 08:15:00', '2014-11-20 08:00:00', 15, NULL, 2),
(863, NULL, '2014-11-20 08:30:00', '2014-11-20 08:15:00', 15, NULL, 2),
(864, NULL, '2014-11-20 08:45:00', '2014-11-20 08:30:00', 15, NULL, 2),
(865, NULL, '2014-11-20 09:00:00', '2014-11-20 08:45:00', 15, NULL, 2),
(866, NULL, '2014-11-20 09:15:00', '2014-11-20 09:00:00', 15, NULL, 2),
(867, NULL, '2014-11-20 09:30:00', '2014-11-20 09:15:00', 15, NULL, 2),
(868, NULL, '2014-11-20 09:45:00', '2014-11-20 09:30:00', 15, NULL, 2),
(869, NULL, '2014-11-20 10:00:00', '2014-11-20 09:45:00', 15, NULL, 2),
(870, NULL, '2014-11-20 10:15:00', '2014-11-20 10:00:00', 15, NULL, 2),
(871, NULL, '2014-11-20 10:30:00', '2014-11-20 10:15:00', 15, NULL, 2),
(872, NULL, '2014-11-20 10:45:00', '2014-11-20 10:30:00', 15, NULL, 2),
(873, NULL, '2014-11-20 11:00:00', '2014-11-20 10:45:00', 15, NULL, 2),
(874, NULL, '2014-11-20 11:15:00', '2014-11-20 11:00:00', 15, NULL, 2),
(875, NULL, '2014-11-20 11:30:00', '2014-11-20 11:15:00', 15, NULL, 2),
(876, NULL, '2014-11-20 11:45:00', '2014-11-20 11:30:00', 15, NULL, 2),
(877, NULL, '2014-11-20 12:00:00', '2014-11-20 11:45:00', 15, NULL, 2),
(878, NULL, '2014-11-20 12:15:00', '2014-11-20 12:00:00', 15, NULL, 2),
(879, NULL, '2014-11-20 12:30:00', '2014-11-20 12:15:00', 15, NULL, 2),
(880, NULL, '2014-11-20 12:45:00', '2014-11-20 12:30:00', 15, NULL, 2),
(881, NULL, '2014-11-20 13:00:00', '2014-11-20 12:45:00', 15, NULL, 2),
(882, NULL, '2014-11-20 13:15:00', '2014-11-20 13:00:00', 15, NULL, 2),
(883, NULL, '2014-11-20 13:30:00', '2014-11-20 13:15:00', 15, NULL, 2),
(884, NULL, '2014-11-20 13:45:00', '2014-11-20 13:30:00', 15, NULL, 2),
(885, NULL, '2014-11-20 14:00:00', '2014-11-20 13:45:00', 15, NULL, 2),
(886, NULL, '2014-11-20 14:15:00', '2014-11-20 14:00:00', 15, NULL, 2),
(887, NULL, '2014-11-20 14:30:00', '2014-11-20 14:15:00', 15, NULL, 2),
(888, NULL, '2014-11-20 14:45:00', '2014-11-20 14:30:00', 15, NULL, 2),
(889, NULL, '2014-11-20 15:00:00', '2014-11-20 14:45:00', 15, NULL, 2),
(890, NULL, '2014-11-20 15:15:00', '2014-11-20 15:00:00', 15, NULL, 2),
(891, NULL, '2014-11-20 15:30:00', '2014-11-20 15:15:00', 15, NULL, 2),
(892, NULL, '2014-11-20 15:45:00', '2014-11-20 15:30:00', 15, NULL, 2),
(893, NULL, '2014-11-20 16:00:00', '2014-11-20 15:45:00', 15, NULL, 2),
(894, NULL, '2014-11-25 08:15:00', '2014-11-25 08:00:00', 15, NULL, 2),
(895, NULL, '2014-11-25 08:30:00', '2014-11-25 08:15:00', 15, NULL, 2),
(896, NULL, '2014-11-25 08:45:00', '2014-11-25 08:30:00', 15, NULL, 2),
(897, NULL, '2014-11-25 09:00:00', '2014-11-25 08:45:00', 15, NULL, 2),
(898, NULL, '2014-11-25 09:15:00', '2014-11-25 09:00:00', 15, NULL, 2),
(899, NULL, '2014-11-25 09:30:00', '2014-11-25 09:15:00', 15, NULL, 2),
(900, NULL, '2014-11-25 09:45:00', '2014-11-25 09:30:00', 15, NULL, 2),
(901, NULL, '2014-11-25 10:00:00', '2014-11-25 09:45:00', 15, NULL, 2),
(902, NULL, '2014-11-25 10:15:00', '2014-11-25 10:00:00', 15, NULL, 2),
(903, NULL, '2014-11-25 10:30:00', '2014-11-25 10:15:00', 15, NULL, 2),
(904, NULL, '2014-11-25 10:45:00', '2014-11-25 10:30:00', 15, NULL, 2),
(905, NULL, '2014-11-25 11:00:00', '2014-11-25 10:45:00', 15, NULL, 2),
(906, NULL, '2014-11-25 11:15:00', '2014-11-25 11:00:00', 15, NULL, 2),
(907, NULL, '2014-11-25 11:30:00', '2014-11-25 11:15:00', 15, NULL, 2),
(908, NULL, '2014-11-25 11:45:00', '2014-11-25 11:30:00', 15, NULL, 2),
(909, NULL, '2014-11-25 12:00:00', '2014-11-25 11:45:00', 15, NULL, 2),
(910, NULL, '2014-11-25 12:15:00', '2014-11-25 12:00:00', 15, NULL, 2),
(911, NULL, '2014-11-25 12:30:00', '2014-11-25 12:15:00', 15, NULL, 2),
(912, NULL, '2014-11-25 12:45:00', '2014-11-25 12:30:00', 15, NULL, 2),
(913, NULL, '2014-11-25 13:00:00', '2014-11-25 12:45:00', 15, NULL, 2),
(914, NULL, '2014-11-25 13:15:00', '2014-11-25 13:00:00', 15, NULL, 2),
(915, NULL, '2014-11-25 13:30:00', '2014-11-25 13:15:00', 15, NULL, 2),
(916, NULL, '2014-11-25 13:45:00', '2014-11-25 13:30:00', 15, NULL, 2),
(917, NULL, '2014-11-25 14:00:00', '2014-11-25 13:45:00', 15, NULL, 2),
(918, NULL, '2014-11-25 14:15:00', '2014-11-25 14:00:00', 15, NULL, 2),
(919, NULL, '2014-11-25 14:30:00', '2014-11-25 14:15:00', 15, NULL, 2),
(920, NULL, '2014-11-25 14:45:00', '2014-11-25 14:30:00', 15, NULL, 2),
(921, NULL, '2014-11-25 15:00:00', '2014-11-25 14:45:00', 15, NULL, 2),
(922, NULL, '2014-11-25 15:15:00', '2014-11-25 15:00:00', 15, NULL, 2),
(923, NULL, '2014-11-25 15:30:00', '2014-11-25 15:15:00', 15, NULL, 2),
(924, NULL, '2014-11-25 15:45:00', '2014-11-25 15:30:00', 15, NULL, 2),
(925, NULL, '2014-11-25 16:00:00', '2014-11-25 15:45:00', 15, NULL, 2),
(926, NULL, '2014-11-27 08:15:00', '2014-11-27 08:00:00', 15, NULL, 2),
(927, NULL, '2014-11-27 08:30:00', '2014-11-27 08:15:00', 15, NULL, 2),
(928, NULL, '2014-11-27 08:45:00', '2014-11-27 08:30:00', 15, NULL, 2),
(929, NULL, '2014-11-27 09:00:00', '2014-11-27 08:45:00', 15, NULL, 2),
(930, NULL, '2014-11-27 09:15:00', '2014-11-27 09:00:00', 15, NULL, 2),
(931, NULL, '2014-11-27 09:30:00', '2014-11-27 09:15:00', 15, NULL, 2),
(932, NULL, '2014-11-27 09:45:00', '2014-11-27 09:30:00', 15, NULL, 2),
(933, NULL, '2014-11-27 10:00:00', '2014-11-27 09:45:00', 15, NULL, 2),
(934, NULL, '2014-11-27 10:15:00', '2014-11-27 10:00:00', 15, NULL, 2),
(935, NULL, '2014-11-27 10:30:00', '2014-11-27 10:15:00', 15, NULL, 2),
(936, NULL, '2014-11-27 10:45:00', '2014-11-27 10:30:00', 15, NULL, 2),
(937, NULL, '2014-11-27 11:00:00', '2014-11-27 10:45:00', 15, NULL, 2),
(938, NULL, '2014-11-27 11:15:00', '2014-11-27 11:00:00', 15, NULL, 2),
(939, NULL, '2014-11-27 11:30:00', '2014-11-27 11:15:00', 15, NULL, 2),
(940, NULL, '2014-11-27 11:45:00', '2014-11-27 11:30:00', 15, NULL, 2),
(941, NULL, '2014-11-27 12:00:00', '2014-11-27 11:45:00', 15, NULL, 2),
(942, NULL, '2014-11-27 12:15:00', '2014-11-27 12:00:00', 15, NULL, 2),
(943, NULL, '2014-11-27 12:30:00', '2014-11-27 12:15:00', 15, NULL, 2),
(944, NULL, '2014-11-27 12:45:00', '2014-11-27 12:30:00', 15, NULL, 2),
(945, NULL, '2014-11-27 13:00:00', '2014-11-27 12:45:00', 15, NULL, 2),
(946, NULL, '2014-11-27 13:15:00', '2014-11-27 13:00:00', 15, NULL, 2),
(947, NULL, '2014-11-27 13:30:00', '2014-11-27 13:15:00', 15, NULL, 2),
(948, NULL, '2014-11-27 13:45:00', '2014-11-27 13:30:00', 15, NULL, 2),
(949, NULL, '2014-11-27 14:00:00', '2014-11-27 13:45:00', 15, NULL, 2),
(950, NULL, '2014-11-27 14:15:00', '2014-11-27 14:00:00', 15, NULL, 2),
(951, NULL, '2014-11-27 14:30:00', '2014-11-27 14:15:00', 15, NULL, 2),
(952, NULL, '2014-11-27 14:45:00', '2014-11-27 14:30:00', 15, NULL, 2),
(953, NULL, '2014-11-27 15:00:00', '2014-11-27 14:45:00', 15, NULL, 2),
(954, NULL, '2014-11-27 15:15:00', '2014-11-27 15:00:00', 15, NULL, 2),
(955, NULL, '2014-11-27 15:30:00', '2014-11-27 15:15:00', 15, NULL, 2),
(956, NULL, '2014-11-27 15:45:00', '2014-11-27 15:30:00', 15, NULL, 2),
(957, NULL, '2014-11-27 16:00:00', '2014-11-27 15:45:00', 15, NULL, 2),
(958, NULL, '2014-12-02 08:15:00', '2014-12-02 08:00:00', 15, NULL, 2),
(959, NULL, '2014-12-02 08:30:00', '2014-12-02 08:15:00', 15, NULL, 2),
(960, NULL, '2014-12-02 08:45:00', '2014-12-02 08:30:00', 15, NULL, 2),
(961, NULL, '2014-12-02 09:00:00', '2014-12-02 08:45:00', 15, NULL, 2),
(962, NULL, '2014-12-02 09:15:00', '2014-12-02 09:00:00', 15, NULL, 2),
(963, NULL, '2014-12-02 09:30:00', '2014-12-02 09:15:00', 15, NULL, 2),
(964, NULL, '2014-12-02 09:45:00', '2014-12-02 09:30:00', 15, NULL, 2),
(965, NULL, '2014-12-02 10:00:00', '2014-12-02 09:45:00', 15, NULL, 2),
(966, NULL, '2014-12-02 10:15:00', '2014-12-02 10:00:00', 15, NULL, 2),
(967, NULL, '2014-12-02 10:30:00', '2014-12-02 10:15:00', 15, NULL, 2),
(968, NULL, '2014-12-02 10:45:00', '2014-12-02 10:30:00', 15, NULL, 2),
(969, NULL, '2014-12-02 11:00:00', '2014-12-02 10:45:00', 15, NULL, 2),
(970, NULL, '2014-12-02 11:15:00', '2014-12-02 11:00:00', 15, NULL, 2),
(971, NULL, '2014-12-02 11:30:00', '2014-12-02 11:15:00', 15, NULL, 2),
(972, NULL, '2014-12-02 11:45:00', '2014-12-02 11:30:00', 15, NULL, 2),
(973, NULL, '2014-12-02 12:00:00', '2014-12-02 11:45:00', 15, NULL, 2),
(974, NULL, '2014-12-02 12:15:00', '2014-12-02 12:00:00', 15, NULL, 2),
(975, NULL, '2014-12-02 12:30:00', '2014-12-02 12:15:00', 15, NULL, 2),
(976, NULL, '2014-12-02 12:45:00', '2014-12-02 12:30:00', 15, NULL, 2),
(977, NULL, '2014-12-02 13:00:00', '2014-12-02 12:45:00', 15, NULL, 2),
(978, NULL, '2014-12-02 13:15:00', '2014-12-02 13:00:00', 15, NULL, 2),
(979, NULL, '2014-12-02 13:30:00', '2014-12-02 13:15:00', 15, NULL, 2),
(980, NULL, '2014-12-02 13:45:00', '2014-12-02 13:30:00', 15, NULL, 2),
(981, NULL, '2014-12-02 14:00:00', '2014-12-02 13:45:00', 15, NULL, 2),
(982, NULL, '2014-12-02 14:15:00', '2014-12-02 14:00:00', 15, NULL, 2),
(983, NULL, '2014-12-02 14:30:00', '2014-12-02 14:15:00', 15, NULL, 2),
(984, NULL, '2014-12-02 14:45:00', '2014-12-02 14:30:00', 15, NULL, 2),
(985, NULL, '2014-12-02 15:00:00', '2014-12-02 14:45:00', 15, NULL, 2),
(986, NULL, '2014-12-02 15:15:00', '2014-12-02 15:00:00', 15, NULL, 2),
(987, NULL, '2014-12-02 15:30:00', '2014-12-02 15:15:00', 15, NULL, 2),
(988, NULL, '2014-12-02 15:45:00', '2014-12-02 15:30:00', 15, NULL, 2),
(989, NULL, '2014-12-02 16:00:00', '2014-12-02 15:45:00', 15, NULL, 2),
(990, NULL, '2014-12-04 08:15:00', '2014-12-04 08:00:00', 15, NULL, 2),
(991, NULL, '2014-12-04 08:30:00', '2014-12-04 08:15:00', 15, NULL, 2),
(992, NULL, '2014-12-04 08:45:00', '2014-12-04 08:30:00', 15, NULL, 2),
(993, NULL, '2014-12-04 09:00:00', '2014-12-04 08:45:00', 15, NULL, 2),
(994, NULL, '2014-12-04 09:15:00', '2014-12-04 09:00:00', 15, NULL, 2),
(995, NULL, '2014-12-04 09:30:00', '2014-12-04 09:15:00', 15, NULL, 2),
(996, NULL, '2014-12-04 09:45:00', '2014-12-04 09:30:00', 15, NULL, 2),
(997, NULL, '2014-12-04 10:00:00', '2014-12-04 09:45:00', 15, NULL, 2),
(998, NULL, '2014-12-04 10:15:00', '2014-12-04 10:00:00', 15, NULL, 2),
(999, NULL, '2014-12-04 10:30:00', '2014-12-04 10:15:00', 15, NULL, 2),
(1000, NULL, '2014-12-04 10:45:00', '2014-12-04 10:30:00', 15, NULL, 2),
(1001, NULL, '2014-12-04 11:00:00', '2014-12-04 10:45:00', 15, NULL, 2),
(1002, NULL, '2014-12-04 11:15:00', '2014-12-04 11:00:00', 15, NULL, 2),
(1003, NULL, '2014-12-04 11:30:00', '2014-12-04 11:15:00', 15, NULL, 2),
(1004, NULL, '2014-12-04 11:45:00', '2014-12-04 11:30:00', 15, NULL, 2),
(1005, NULL, '2014-12-04 12:00:00', '2014-12-04 11:45:00', 15, NULL, 2),
(1006, NULL, '2014-12-04 12:15:00', '2014-12-04 12:00:00', 15, NULL, 2),
(1007, NULL, '2014-12-04 12:30:00', '2014-12-04 12:15:00', 15, NULL, 2),
(1008, NULL, '2014-12-04 12:45:00', '2014-12-04 12:30:00', 15, NULL, 2),
(1009, NULL, '2014-12-04 13:00:00', '2014-12-04 12:45:00', 15, NULL, 2),
(1010, NULL, '2014-12-04 13:15:00', '2014-12-04 13:00:00', 15, NULL, 2),
(1011, NULL, '2014-12-04 13:30:00', '2014-12-04 13:15:00', 15, NULL, 2),
(1012, NULL, '2014-12-04 13:45:00', '2014-12-04 13:30:00', 15, NULL, 2),
(1013, NULL, '2014-12-04 14:00:00', '2014-12-04 13:45:00', 15, NULL, 2),
(1014, NULL, '2014-12-04 14:15:00', '2014-12-04 14:00:00', 15, NULL, 2),
(1015, NULL, '2014-12-04 14:30:00', '2014-12-04 14:15:00', 15, NULL, 2),
(1016, NULL, '2014-12-04 14:45:00', '2014-12-04 14:30:00', 15, NULL, 2),
(1017, NULL, '2014-12-04 15:00:00', '2014-12-04 14:45:00', 15, NULL, 2),
(1018, NULL, '2014-12-04 15:15:00', '2014-12-04 15:00:00', 15, NULL, 2),
(1019, NULL, '2014-12-04 15:30:00', '2014-12-04 15:15:00', 15, NULL, 2),
(1020, NULL, '2014-12-04 15:45:00', '2014-12-04 15:30:00', 15, NULL, 2),
(1021, NULL, '2014-12-04 16:00:00', '2014-12-04 15:45:00', 15, NULL, 2),
(1022, NULL, '2014-12-09 08:15:00', '2014-12-09 08:00:00', 15, NULL, 2),
(1023, NULL, '2014-12-09 08:30:00', '2014-12-09 08:15:00', 15, NULL, 2),
(1024, NULL, '2014-12-09 08:45:00', '2014-12-09 08:30:00', 15, NULL, 2),
(1025, NULL, '2014-12-09 09:00:00', '2014-12-09 08:45:00', 15, NULL, 2),
(1026, NULL, '2014-12-09 09:15:00', '2014-12-09 09:00:00', 15, NULL, 2),
(1027, NULL, '2014-12-09 09:30:00', '2014-12-09 09:15:00', 15, NULL, 2),
(1028, NULL, '2014-12-09 09:45:00', '2014-12-09 09:30:00', 15, NULL, 2),
(1029, NULL, '2014-12-09 10:00:00', '2014-12-09 09:45:00', 15, NULL, 2),
(1030, NULL, '2014-12-09 10:15:00', '2014-12-09 10:00:00', 15, NULL, 2),
(1031, NULL, '2014-12-09 10:30:00', '2014-12-09 10:15:00', 15, NULL, 2),
(1032, NULL, '2014-12-09 10:45:00', '2014-12-09 10:30:00', 15, NULL, 2),
(1033, NULL, '2014-12-09 11:00:00', '2014-12-09 10:45:00', 15, NULL, 2),
(1034, NULL, '2014-12-09 11:15:00', '2014-12-09 11:00:00', 15, NULL, 2),
(1035, NULL, '2014-12-09 11:30:00', '2014-12-09 11:15:00', 15, NULL, 2),
(1036, NULL, '2014-12-09 11:45:00', '2014-12-09 11:30:00', 15, NULL, 2),
(1037, NULL, '2014-12-09 12:00:00', '2014-12-09 11:45:00', 15, NULL, 2),
(1038, NULL, '2014-12-09 12:15:00', '2014-12-09 12:00:00', 15, NULL, 2),
(1039, NULL, '2014-12-09 12:30:00', '2014-12-09 12:15:00', 15, NULL, 2),
(1040, NULL, '2014-12-09 12:45:00', '2014-12-09 12:30:00', 15, NULL, 2),
(1041, NULL, '2014-12-09 13:00:00', '2014-12-09 12:45:00', 15, NULL, 2),
(1042, NULL, '2014-12-09 13:15:00', '2014-12-09 13:00:00', 15, NULL, 2),
(1043, NULL, '2014-12-09 13:30:00', '2014-12-09 13:15:00', 15, NULL, 2),
(1044, NULL, '2014-12-09 13:45:00', '2014-12-09 13:30:00', 15, NULL, 2),
(1045, NULL, '2014-12-09 14:00:00', '2014-12-09 13:45:00', 15, NULL, 2),
(1046, NULL, '2014-12-09 14:15:00', '2014-12-09 14:00:00', 15, NULL, 2),
(1047, NULL, '2014-12-09 14:30:00', '2014-12-09 14:15:00', 15, NULL, 2),
(1048, NULL, '2014-12-09 14:45:00', '2014-12-09 14:30:00', 15, NULL, 2),
(1049, NULL, '2014-12-09 15:00:00', '2014-12-09 14:45:00', 15, NULL, 2),
(1050, NULL, '2014-12-09 15:15:00', '2014-12-09 15:00:00', 15, NULL, 2),
(1051, NULL, '2014-12-09 15:30:00', '2014-12-09 15:15:00', 15, NULL, 2),
(1052, NULL, '2014-12-09 15:45:00', '2014-12-09 15:30:00', 15, NULL, 2),
(1053, NULL, '2014-12-09 16:00:00', '2014-12-09 15:45:00', 15, NULL, 2),
(1054, NULL, '2014-12-11 08:15:00', '2014-12-11 08:00:00', 15, NULL, 2),
(1055, NULL, '2014-12-11 08:30:00', '2014-12-11 08:15:00', 15, NULL, 2),
(1056, NULL, '2014-12-11 08:45:00', '2014-12-11 08:30:00', 15, NULL, 2),
(1057, NULL, '2014-12-11 09:00:00', '2014-12-11 08:45:00', 15, NULL, 2),
(1058, NULL, '2014-12-11 09:15:00', '2014-12-11 09:00:00', 15, NULL, 2),
(1059, NULL, '2014-12-11 09:30:00', '2014-12-11 09:15:00', 15, NULL, 2),
(1060, NULL, '2014-12-11 09:45:00', '2014-12-11 09:30:00', 15, NULL, 2),
(1061, NULL, '2014-12-11 10:00:00', '2014-12-11 09:45:00', 15, NULL, 2),
(1062, NULL, '2014-12-11 10:15:00', '2014-12-11 10:00:00', 15, NULL, 2),
(1063, NULL, '2014-12-11 10:30:00', '2014-12-11 10:15:00', 15, NULL, 2),
(1064, NULL, '2014-12-11 10:45:00', '2014-12-11 10:30:00', 15, NULL, 2),
(1065, NULL, '2014-12-11 11:00:00', '2014-12-11 10:45:00', 15, NULL, 2),
(1066, NULL, '2014-12-11 11:15:00', '2014-12-11 11:00:00', 15, NULL, 2),
(1067, NULL, '2014-12-11 11:30:00', '2014-12-11 11:15:00', 15, NULL, 2),
(1068, NULL, '2014-12-11 11:45:00', '2014-12-11 11:30:00', 15, NULL, 2),
(1069, NULL, '2014-12-11 12:00:00', '2014-12-11 11:45:00', 15, NULL, 2),
(1070, NULL, '2014-12-11 12:15:00', '2014-12-11 12:00:00', 15, NULL, 2),
(1071, NULL, '2014-12-11 12:30:00', '2014-12-11 12:15:00', 15, NULL, 2),
(1072, NULL, '2014-12-11 12:45:00', '2014-12-11 12:30:00', 15, NULL, 2),
(1073, NULL, '2014-12-11 13:00:00', '2014-12-11 12:45:00', 15, NULL, 2),
(1074, NULL, '2014-12-11 13:15:00', '2014-12-11 13:00:00', 15, NULL, 2),
(1075, NULL, '2014-12-11 13:30:00', '2014-12-11 13:15:00', 15, NULL, 2),
(1076, NULL, '2014-12-11 13:45:00', '2014-12-11 13:30:00', 15, NULL, 2),
(1077, NULL, '2014-12-11 14:00:00', '2014-12-11 13:45:00', 15, NULL, 2),
(1078, NULL, '2014-12-11 14:15:00', '2014-12-11 14:00:00', 15, NULL, 2),
(1079, NULL, '2014-12-11 14:30:00', '2014-12-11 14:15:00', 15, NULL, 2),
(1080, NULL, '2014-12-11 14:45:00', '2014-12-11 14:30:00', 15, NULL, 2),
(1081, NULL, '2014-12-11 15:00:00', '2014-12-11 14:45:00', 15, NULL, 2),
(1082, NULL, '2014-12-11 15:15:00', '2014-12-11 15:00:00', 15, NULL, 2),
(1083, NULL, '2014-12-11 15:30:00', '2014-12-11 15:15:00', 15, NULL, 2),
(1084, NULL, '2014-12-11 15:45:00', '2014-12-11 15:30:00', 15, NULL, 2),
(1085, NULL, '2014-12-11 16:00:00', '2014-12-11 15:45:00', 15, NULL, 2),
(1086, NULL, '2014-12-16 08:15:00', '2014-12-16 08:00:00', 15, NULL, 2),
(1087, NULL, '2014-12-16 08:30:00', '2014-12-16 08:15:00', 15, NULL, 2),
(1088, NULL, '2014-12-16 08:45:00', '2014-12-16 08:30:00', 15, NULL, 2),
(1089, NULL, '2014-12-16 09:00:00', '2014-12-16 08:45:00', 15, NULL, 2),
(1090, NULL, '2014-12-16 09:15:00', '2014-12-16 09:00:00', 15, NULL, 2),
(1091, NULL, '2014-12-16 09:30:00', '2014-12-16 09:15:00', 15, NULL, 2),
(1092, NULL, '2014-12-16 09:45:00', '2014-12-16 09:30:00', 15, NULL, 2),
(1093, NULL, '2014-12-16 10:00:00', '2014-12-16 09:45:00', 15, NULL, 2),
(1094, NULL, '2014-12-16 10:15:00', '2014-12-16 10:00:00', 15, NULL, 2),
(1095, NULL, '2014-12-16 10:30:00', '2014-12-16 10:15:00', 15, NULL, 2),
(1096, NULL, '2014-12-16 10:45:00', '2014-12-16 10:30:00', 15, NULL, 2),
(1097, NULL, '2014-12-16 11:00:00', '2014-12-16 10:45:00', 15, NULL, 2),
(1098, NULL, '2014-12-16 11:15:00', '2014-12-16 11:00:00', 15, NULL, 2),
(1099, NULL, '2014-12-16 11:30:00', '2014-12-16 11:15:00', 15, NULL, 2),
(1100, NULL, '2014-12-16 11:45:00', '2014-12-16 11:30:00', 15, NULL, 2),
(1101, NULL, '2014-12-16 12:00:00', '2014-12-16 11:45:00', 15, NULL, 2),
(1102, NULL, '2014-12-16 12:15:00', '2014-12-16 12:00:00', 15, NULL, 2),
(1103, NULL, '2014-12-16 12:30:00', '2014-12-16 12:15:00', 15, NULL, 2),
(1104, NULL, '2014-12-16 12:45:00', '2014-12-16 12:30:00', 15, NULL, 2),
(1105, NULL, '2014-12-16 13:00:00', '2014-12-16 12:45:00', 15, NULL, 2),
(1106, NULL, '2014-12-16 13:15:00', '2014-12-16 13:00:00', 15, NULL, 2),
(1107, NULL, '2014-12-16 13:30:00', '2014-12-16 13:15:00', 15, NULL, 2),
(1108, NULL, '2014-12-16 13:45:00', '2014-12-16 13:30:00', 15, NULL, 2),
(1109, NULL, '2014-12-16 14:00:00', '2014-12-16 13:45:00', 15, NULL, 2),
(1110, NULL, '2014-12-16 14:15:00', '2014-12-16 14:00:00', 15, NULL, 2),
(1111, NULL, '2014-12-16 14:30:00', '2014-12-16 14:15:00', 15, NULL, 2),
(1112, NULL, '2014-12-16 14:45:00', '2014-12-16 14:30:00', 15, NULL, 2),
(1113, NULL, '2014-12-16 15:00:00', '2014-12-16 14:45:00', 15, NULL, 2),
(1114, NULL, '2014-12-16 15:15:00', '2014-12-16 15:00:00', 15, NULL, 2),
(1115, NULL, '2014-12-16 15:30:00', '2014-12-16 15:15:00', 15, NULL, 2),
(1116, NULL, '2014-12-16 15:45:00', '2014-12-16 15:30:00', 15, NULL, 2),
(1117, NULL, '2014-12-16 16:00:00', '2014-12-16 15:45:00', 15, NULL, 2),
(1118, NULL, '2014-12-18 08:15:00', '2014-12-18 08:00:00', 15, NULL, 2),
(1119, NULL, '2014-12-18 08:30:00', '2014-12-18 08:15:00', 15, NULL, 2),
(1120, NULL, '2014-12-18 08:45:00', '2014-12-18 08:30:00', 15, NULL, 2),
(1121, NULL, '2014-12-18 09:00:00', '2014-12-18 08:45:00', 15, NULL, 2),
(1122, NULL, '2014-12-18 09:15:00', '2014-12-18 09:00:00', 15, NULL, 2),
(1123, NULL, '2014-12-18 09:30:00', '2014-12-18 09:15:00', 15, NULL, 2),
(1124, NULL, '2014-12-18 09:45:00', '2014-12-18 09:30:00', 15, NULL, 2),
(1125, NULL, '2014-12-18 10:00:00', '2014-12-18 09:45:00', 15, NULL, 2),
(1126, NULL, '2014-12-18 10:15:00', '2014-12-18 10:00:00', 15, NULL, 2),
(1127, NULL, '2014-12-18 10:30:00', '2014-12-18 10:15:00', 15, NULL, 2),
(1128, NULL, '2014-12-18 10:45:00', '2014-12-18 10:30:00', 15, NULL, 2),
(1129, NULL, '2014-12-18 11:00:00', '2014-12-18 10:45:00', 15, NULL, 2),
(1130, NULL, '2014-12-18 11:15:00', '2014-12-18 11:00:00', 15, NULL, 2),
(1131, NULL, '2014-12-18 11:30:00', '2014-12-18 11:15:00', 15, NULL, 2),
(1132, NULL, '2014-12-18 11:45:00', '2014-12-18 11:30:00', 15, NULL, 2),
(1133, NULL, '2014-12-18 12:00:00', '2014-12-18 11:45:00', 15, NULL, 2),
(1134, NULL, '2014-12-18 12:15:00', '2014-12-18 12:00:00', 15, NULL, 2),
(1135, NULL, '2014-12-18 12:30:00', '2014-12-18 12:15:00', 15, NULL, 2),
(1136, NULL, '2014-12-18 12:45:00', '2014-12-18 12:30:00', 15, NULL, 2),
(1137, NULL, '2014-12-18 13:00:00', '2014-12-18 12:45:00', 15, NULL, 2),
(1138, NULL, '2014-12-18 13:15:00', '2014-12-18 13:00:00', 15, NULL, 2),
(1139, NULL, '2014-12-18 13:30:00', '2014-12-18 13:15:00', 15, NULL, 2),
(1140, NULL, '2014-12-18 13:45:00', '2014-12-18 13:30:00', 15, NULL, 2),
(1141, NULL, '2014-12-18 14:00:00', '2014-12-18 13:45:00', 15, NULL, 2),
(1142, NULL, '2014-12-18 14:15:00', '2014-12-18 14:00:00', 15, NULL, 2),
(1143, NULL, '2014-12-18 14:30:00', '2014-12-18 14:15:00', 15, NULL, 2),
(1144, NULL, '2014-12-18 14:45:00', '2014-12-18 14:30:00', 15, NULL, 2),
(1145, NULL, '2014-12-18 15:00:00', '2014-12-18 14:45:00', 15, NULL, 2),
(1146, NULL, '2014-12-18 15:15:00', '2014-12-18 15:00:00', 15, NULL, 2),
(1147, NULL, '2014-12-18 15:30:00', '2014-12-18 15:15:00', 15, NULL, 2),
(1148, NULL, '2014-12-18 15:45:00', '2014-12-18 15:30:00', 15, NULL, 2),
(1149, NULL, '2014-12-18 16:00:00', '2014-12-18 15:45:00', 15, NULL, 2),
(1150, NULL, '2014-12-23 08:15:00', '2014-12-23 08:00:00', 15, NULL, 2),
(1151, NULL, '2014-12-23 08:30:00', '2014-12-23 08:15:00', 15, NULL, 2),
(1152, NULL, '2014-12-23 08:45:00', '2014-12-23 08:30:00', 15, NULL, 2),
(1153, NULL, '2014-12-23 09:00:00', '2014-12-23 08:45:00', 15, NULL, 2),
(1154, NULL, '2014-12-23 09:15:00', '2014-12-23 09:00:00', 15, NULL, 2),
(1155, NULL, '2014-12-23 09:30:00', '2014-12-23 09:15:00', 15, NULL, 2),
(1156, NULL, '2014-12-23 09:45:00', '2014-12-23 09:30:00', 15, NULL, 2),
(1157, NULL, '2014-12-23 10:00:00', '2014-12-23 09:45:00', 15, NULL, 2),
(1158, NULL, '2014-12-23 10:15:00', '2014-12-23 10:00:00', 15, NULL, 2),
(1159, NULL, '2014-12-23 10:30:00', '2014-12-23 10:15:00', 15, NULL, 2),
(1160, NULL, '2014-12-23 10:45:00', '2014-12-23 10:30:00', 15, NULL, 2),
(1161, NULL, '2014-12-23 11:00:00', '2014-12-23 10:45:00', 15, NULL, 2),
(1162, NULL, '2014-12-23 11:15:00', '2014-12-23 11:00:00', 15, NULL, 2),
(1163, NULL, '2014-12-23 11:30:00', '2014-12-23 11:15:00', 15, NULL, 2),
(1164, NULL, '2014-12-23 11:45:00', '2014-12-23 11:30:00', 15, NULL, 2),
(1165, NULL, '2014-12-23 12:00:00', '2014-12-23 11:45:00', 15, NULL, 2),
(1166, NULL, '2014-12-23 12:15:00', '2014-12-23 12:00:00', 15, NULL, 2),
(1167, NULL, '2014-12-23 12:30:00', '2014-12-23 12:15:00', 15, NULL, 2),
(1168, NULL, '2014-12-23 12:45:00', '2014-12-23 12:30:00', 15, NULL, 2),
(1169, NULL, '2014-12-23 13:00:00', '2014-12-23 12:45:00', 15, NULL, 2),
(1170, NULL, '2014-12-23 13:15:00', '2014-12-23 13:00:00', 15, NULL, 2),
(1171, NULL, '2014-12-23 13:30:00', '2014-12-23 13:15:00', 15, NULL, 2),
(1172, NULL, '2014-12-23 13:45:00', '2014-12-23 13:30:00', 15, NULL, 2),
(1173, NULL, '2014-12-23 14:00:00', '2014-12-23 13:45:00', 15, NULL, 2),
(1174, NULL, '2014-12-23 14:15:00', '2014-12-23 14:00:00', 15, NULL, 2),
(1175, NULL, '2014-12-23 14:30:00', '2014-12-23 14:15:00', 15, NULL, 2),
(1176, NULL, '2014-12-23 14:45:00', '2014-12-23 14:30:00', 15, NULL, 2),
(1177, NULL, '2014-12-23 15:00:00', '2014-12-23 14:45:00', 15, NULL, 2),
(1178, NULL, '2014-12-23 15:15:00', '2014-12-23 15:00:00', 15, NULL, 2),
(1179, NULL, '2014-12-23 15:30:00', '2014-12-23 15:15:00', 15, NULL, 2),
(1180, NULL, '2014-12-23 15:45:00', '2014-12-23 15:30:00', 15, NULL, 2),
(1181, NULL, '2014-12-23 16:00:00', '2014-12-23 15:45:00', 15, NULL, 2),
(1182, NULL, '2014-12-25 08:15:00', '2014-12-25 08:00:00', 15, NULL, 2),
(1183, NULL, '2014-12-25 08:30:00', '2014-12-25 08:15:00', 15, NULL, 2),
(1184, NULL, '2014-12-25 08:45:00', '2014-12-25 08:30:00', 15, NULL, 2),
(1185, NULL, '2014-12-25 09:00:00', '2014-12-25 08:45:00', 15, NULL, 2),
(1186, NULL, '2014-12-25 09:15:00', '2014-12-25 09:00:00', 15, NULL, 2),
(1187, NULL, '2014-12-25 09:30:00', '2014-12-25 09:15:00', 15, NULL, 2),
(1188, NULL, '2014-12-25 09:45:00', '2014-12-25 09:30:00', 15, NULL, 2),
(1189, NULL, '2014-12-25 10:00:00', '2014-12-25 09:45:00', 15, NULL, 2),
(1190, NULL, '2014-12-25 10:15:00', '2014-12-25 10:00:00', 15, NULL, 2),
(1191, NULL, '2014-12-25 10:30:00', '2014-12-25 10:15:00', 15, NULL, 2),
(1192, NULL, '2014-12-25 10:45:00', '2014-12-25 10:30:00', 15, NULL, 2),
(1193, NULL, '2014-12-25 11:00:00', '2014-12-25 10:45:00', 15, NULL, 2),
(1194, NULL, '2014-12-25 11:15:00', '2014-12-25 11:00:00', 15, NULL, 2),
(1195, NULL, '2014-12-25 11:30:00', '2014-12-25 11:15:00', 15, NULL, 2),
(1196, NULL, '2014-12-25 11:45:00', '2014-12-25 11:30:00', 15, NULL, 2),
(1197, NULL, '2014-12-25 12:00:00', '2014-12-25 11:45:00', 15, NULL, 2),
(1198, NULL, '2014-12-25 12:15:00', '2014-12-25 12:00:00', 15, NULL, 2),
(1199, NULL, '2014-12-25 12:30:00', '2014-12-25 12:15:00', 15, NULL, 2),
(1200, NULL, '2014-12-25 12:45:00', '2014-12-25 12:30:00', 15, NULL, 2),
(1201, NULL, '2014-12-25 13:00:00', '2014-12-25 12:45:00', 15, NULL, 2),
(1202, NULL, '2014-12-25 13:15:00', '2014-12-25 13:00:00', 15, NULL, 2),
(1203, NULL, '2014-12-25 13:30:00', '2014-12-25 13:15:00', 15, NULL, 2),
(1204, NULL, '2014-12-25 13:45:00', '2014-12-25 13:30:00', 15, NULL, 2),
(1205, NULL, '2014-12-25 14:00:00', '2014-12-25 13:45:00', 15, NULL, 2),
(1206, NULL, '2014-12-25 14:15:00', '2014-12-25 14:00:00', 15, NULL, 2),
(1207, NULL, '2014-12-25 14:30:00', '2014-12-25 14:15:00', 15, NULL, 2),
(1208, NULL, '2014-12-25 14:45:00', '2014-12-25 14:30:00', 15, NULL, 2),
(1209, NULL, '2014-12-25 15:00:00', '2014-12-25 14:45:00', 15, NULL, 2),
(1210, NULL, '2014-12-25 15:15:00', '2014-12-25 15:00:00', 15, NULL, 2),
(1211, NULL, '2014-12-25 15:30:00', '2014-12-25 15:15:00', 15, NULL, 2),
(1212, NULL, '2014-12-25 15:45:00', '2014-12-25 15:30:00', 15, NULL, 2),
(1213, NULL, '2014-12-25 16:00:00', '2014-12-25 15:45:00', 15, NULL, 2),
(1214, NULL, '2014-12-30 08:15:00', '2014-12-30 08:00:00', 15, NULL, 2),
(1215, NULL, '2014-12-30 08:30:00', '2014-12-30 08:15:00', 15, NULL, 2),
(1216, NULL, '2014-12-30 08:45:00', '2014-12-30 08:30:00', 15, NULL, 2),
(1217, NULL, '2014-12-30 09:00:00', '2014-12-30 08:45:00', 15, NULL, 2),
(1218, NULL, '2014-12-30 09:15:00', '2014-12-30 09:00:00', 15, NULL, 2),
(1219, NULL, '2014-12-30 09:30:00', '2014-12-30 09:15:00', 15, NULL, 2),
(1220, NULL, '2014-12-30 09:45:00', '2014-12-30 09:30:00', 15, NULL, 2),
(1221, NULL, '2014-12-30 10:00:00', '2014-12-30 09:45:00', 15, NULL, 2),
(1222, NULL, '2014-12-30 10:15:00', '2014-12-30 10:00:00', 15, NULL, 2),
(1223, NULL, '2014-12-30 10:30:00', '2014-12-30 10:15:00', 15, NULL, 2),
(1224, NULL, '2014-12-30 10:45:00', '2014-12-30 10:30:00', 15, NULL, 2),
(1225, NULL, '2014-12-30 11:00:00', '2014-12-30 10:45:00', 15, NULL, 2),
(1226, NULL, '2014-12-30 11:15:00', '2014-12-30 11:00:00', 15, NULL, 2),
(1227, NULL, '2014-12-30 11:30:00', '2014-12-30 11:15:00', 15, NULL, 2),
(1228, NULL, '2014-12-30 11:45:00', '2014-12-30 11:30:00', 15, NULL, 2),
(1229, NULL, '2014-12-30 12:00:00', '2014-12-30 11:45:00', 15, NULL, 2),
(1230, NULL, '2014-12-30 12:15:00', '2014-12-30 12:00:00', 15, NULL, 2),
(1231, NULL, '2014-12-30 12:30:00', '2014-12-30 12:15:00', 15, NULL, 2),
(1232, NULL, '2014-12-30 12:45:00', '2014-12-30 12:30:00', 15, NULL, 2),
(1233, NULL, '2014-12-30 13:00:00', '2014-12-30 12:45:00', 15, NULL, 2),
(1234, NULL, '2014-12-30 13:15:00', '2014-12-30 13:00:00', 15, NULL, 2),
(1235, NULL, '2014-12-30 13:30:00', '2014-12-30 13:15:00', 15, NULL, 2),
(1236, NULL, '2014-12-30 13:45:00', '2014-12-30 13:30:00', 15, NULL, 2),
(1237, NULL, '2014-12-30 14:00:00', '2014-12-30 13:45:00', 15, NULL, 2),
(1238, NULL, '2014-12-30 14:15:00', '2014-12-30 14:00:00', 15, NULL, 2),
(1239, NULL, '2014-12-30 14:30:00', '2014-12-30 14:15:00', 15, NULL, 2),
(1240, NULL, '2014-12-30 14:45:00', '2014-12-30 14:30:00', 15, NULL, 2),
(1241, NULL, '2014-12-30 15:00:00', '2014-12-30 14:45:00', 15, NULL, 2),
(1242, NULL, '2014-12-30 15:15:00', '2014-12-30 15:00:00', 15, NULL, 2),
(1243, NULL, '2014-12-30 15:30:00', '2014-12-30 15:15:00', 15, NULL, 2),
(1244, NULL, '2014-12-30 15:45:00', '2014-12-30 15:30:00', 15, NULL, 2),
(1245, NULL, '2014-12-30 16:00:00', '2014-12-30 15:45:00', 15, NULL, 2),
(1246, NULL, '2015-01-01 08:15:00', '2015-01-01 08:00:00', 15, NULL, 2),
(1247, NULL, '2015-01-01 08:30:00', '2015-01-01 08:15:00', 15, NULL, 2),
(1248, NULL, '2015-01-01 08:45:00', '2015-01-01 08:30:00', 15, NULL, 2),
(1249, NULL, '2015-01-01 09:00:00', '2015-01-01 08:45:00', 15, NULL, 2),
(1250, NULL, '2015-01-01 09:15:00', '2015-01-01 09:00:00', 15, NULL, 2),
(1251, NULL, '2015-01-01 09:30:00', '2015-01-01 09:15:00', 15, NULL, 2),
(1252, NULL, '2015-01-01 09:45:00', '2015-01-01 09:30:00', 15, NULL, 2),
(1253, NULL, '2015-01-01 10:00:00', '2015-01-01 09:45:00', 15, NULL, 2),
(1254, NULL, '2015-01-01 10:15:00', '2015-01-01 10:00:00', 15, NULL, 2),
(1255, NULL, '2015-01-01 10:30:00', '2015-01-01 10:15:00', 15, NULL, 2),
(1256, NULL, '2015-01-01 10:45:00', '2015-01-01 10:30:00', 15, NULL, 2),
(1257, NULL, '2015-01-01 11:00:00', '2015-01-01 10:45:00', 15, NULL, 2),
(1258, NULL, '2015-01-01 11:15:00', '2015-01-01 11:00:00', 15, NULL, 2),
(1259, NULL, '2015-01-01 11:30:00', '2015-01-01 11:15:00', 15, NULL, 2),
(1260, NULL, '2015-01-01 11:45:00', '2015-01-01 11:30:00', 15, NULL, 2),
(1261, NULL, '2015-01-01 12:00:00', '2015-01-01 11:45:00', 15, NULL, 2),
(1262, NULL, '2015-01-01 12:15:00', '2015-01-01 12:00:00', 15, NULL, 2),
(1263, NULL, '2015-01-01 12:30:00', '2015-01-01 12:15:00', 15, NULL, 2),
(1264, NULL, '2015-01-01 12:45:00', '2015-01-01 12:30:00', 15, NULL, 2),
(1265, NULL, '2015-01-01 13:00:00', '2015-01-01 12:45:00', 15, NULL, 2),
(1266, NULL, '2015-01-01 13:15:00', '2015-01-01 13:00:00', 15, NULL, 2),
(1267, NULL, '2015-01-01 13:30:00', '2015-01-01 13:15:00', 15, NULL, 2),
(1268, NULL, '2015-01-01 13:45:00', '2015-01-01 13:30:00', 15, NULL, 2),
(1269, NULL, '2015-01-01 14:00:00', '2015-01-01 13:45:00', 15, NULL, 2),
(1270, NULL, '2015-01-01 14:15:00', '2015-01-01 14:00:00', 15, NULL, 2),
(1271, NULL, '2015-01-01 14:30:00', '2015-01-01 14:15:00', 15, NULL, 2),
(1272, NULL, '2015-01-01 14:45:00', '2015-01-01 14:30:00', 15, NULL, 2),
(1273, NULL, '2015-01-01 15:00:00', '2015-01-01 14:45:00', 15, NULL, 2),
(1274, NULL, '2015-01-01 15:15:00', '2015-01-01 15:00:00', 15, NULL, 2),
(1275, NULL, '2015-01-01 15:30:00', '2015-01-01 15:15:00', 15, NULL, 2),
(1276, NULL, '2015-01-01 15:45:00', '2015-01-01 15:30:00', 15, NULL, 2),
(1277, NULL, '2015-01-01 16:00:00', '2015-01-01 15:45:00', 15, NULL, 2),
(1278, NULL, '2015-01-06 08:15:00', '2015-01-06 08:00:00', 15, NULL, 2),
(1279, NULL, '2015-01-06 08:30:00', '2015-01-06 08:15:00', 15, NULL, 2),
(1280, NULL, '2015-01-06 08:45:00', '2015-01-06 08:30:00', 15, NULL, 2),
(1281, NULL, '2015-01-06 09:00:00', '2015-01-06 08:45:00', 15, NULL, 2),
(1282, NULL, '2015-01-06 09:15:00', '2015-01-06 09:00:00', 15, NULL, 2),
(1283, NULL, '2015-01-06 09:30:00', '2015-01-06 09:15:00', 15, NULL, 2),
(1284, NULL, '2015-01-06 09:45:00', '2015-01-06 09:30:00', 15, NULL, 2),
(1285, NULL, '2015-01-06 10:00:00', '2015-01-06 09:45:00', 15, NULL, 2),
(1286, NULL, '2015-01-06 10:15:00', '2015-01-06 10:00:00', 15, NULL, 2),
(1287, NULL, '2015-01-06 10:30:00', '2015-01-06 10:15:00', 15, NULL, 2),
(1288, NULL, '2015-01-06 10:45:00', '2015-01-06 10:30:00', 15, NULL, 2),
(1289, NULL, '2015-01-06 11:00:00', '2015-01-06 10:45:00', 15, NULL, 2),
(1290, NULL, '2015-01-06 11:15:00', '2015-01-06 11:00:00', 15, NULL, 2),
(1291, NULL, '2015-01-06 11:30:00', '2015-01-06 11:15:00', 15, NULL, 2),
(1292, NULL, '2015-01-06 11:45:00', '2015-01-06 11:30:00', 15, NULL, 2),
(1293, NULL, '2015-01-06 12:00:00', '2015-01-06 11:45:00', 15, NULL, 2),
(1294, NULL, '2015-01-06 12:15:00', '2015-01-06 12:00:00', 15, NULL, 2),
(1295, NULL, '2015-01-06 12:30:00', '2015-01-06 12:15:00', 15, NULL, 2),
(1296, NULL, '2015-01-06 12:45:00', '2015-01-06 12:30:00', 15, NULL, 2),
(1297, NULL, '2015-01-06 13:00:00', '2015-01-06 12:45:00', 15, NULL, 2),
(1298, NULL, '2015-01-06 13:15:00', '2015-01-06 13:00:00', 15, NULL, 2),
(1299, NULL, '2015-01-06 13:30:00', '2015-01-06 13:15:00', 15, NULL, 2),
(1300, NULL, '2015-01-06 13:45:00', '2015-01-06 13:30:00', 15, NULL, 2),
(1301, NULL, '2015-01-06 14:00:00', '2015-01-06 13:45:00', 15, NULL, 2),
(1302, NULL, '2015-01-06 14:15:00', '2015-01-06 14:00:00', 15, NULL, 2),
(1303, NULL, '2015-01-06 14:30:00', '2015-01-06 14:15:00', 15, NULL, 2),
(1304, NULL, '2015-01-06 14:45:00', '2015-01-06 14:30:00', 15, NULL, 2),
(1305, NULL, '2015-01-06 15:00:00', '2015-01-06 14:45:00', 15, NULL, 2),
(1306, NULL, '2015-01-06 15:15:00', '2015-01-06 15:00:00', 15, NULL, 2),
(1307, NULL, '2015-01-06 15:30:00', '2015-01-06 15:15:00', 15, NULL, 2),
(1308, NULL, '2015-01-06 15:45:00', '2015-01-06 15:30:00', 15, NULL, 2),
(1309, NULL, '2015-01-06 16:00:00', '2015-01-06 15:45:00', 15, NULL, 2),
(1310, NULL, '2015-01-08 08:15:00', '2015-01-08 08:00:00', 15, NULL, 2),
(1311, NULL, '2015-01-08 08:30:00', '2015-01-08 08:15:00', 15, NULL, 2),
(1312, NULL, '2015-01-08 08:45:00', '2015-01-08 08:30:00', 15, NULL, 2),
(1313, NULL, '2015-01-08 09:00:00', '2015-01-08 08:45:00', 15, NULL, 2),
(1314, NULL, '2015-01-08 09:15:00', '2015-01-08 09:00:00', 15, NULL, 2),
(1315, NULL, '2015-01-08 09:30:00', '2015-01-08 09:15:00', 15, NULL, 2),
(1316, NULL, '2015-01-08 09:45:00', '2015-01-08 09:30:00', 15, NULL, 2),
(1317, NULL, '2015-01-08 10:00:00', '2015-01-08 09:45:00', 15, NULL, 2),
(1318, NULL, '2015-01-08 10:15:00', '2015-01-08 10:00:00', 15, NULL, 2),
(1319, NULL, '2015-01-08 10:30:00', '2015-01-08 10:15:00', 15, NULL, 2),
(1320, NULL, '2015-01-08 10:45:00', '2015-01-08 10:30:00', 15, NULL, 2),
(1321, NULL, '2015-01-08 11:00:00', '2015-01-08 10:45:00', 15, NULL, 2),
(1322, NULL, '2015-01-08 11:15:00', '2015-01-08 11:00:00', 15, NULL, 2),
(1323, NULL, '2015-01-08 11:30:00', '2015-01-08 11:15:00', 15, NULL, 2),
(1324, NULL, '2015-01-08 11:45:00', '2015-01-08 11:30:00', 15, NULL, 2),
(1325, NULL, '2015-01-08 12:00:00', '2015-01-08 11:45:00', 15, NULL, 2),
(1326, NULL, '2015-01-08 12:15:00', '2015-01-08 12:00:00', 15, NULL, 2),
(1327, NULL, '2015-01-08 12:30:00', '2015-01-08 12:15:00', 15, NULL, 2),
(1328, NULL, '2015-01-08 12:45:00', '2015-01-08 12:30:00', 15, NULL, 2),
(1329, NULL, '2015-01-08 13:00:00', '2015-01-08 12:45:00', 15, NULL, 2),
(1330, NULL, '2015-01-08 13:15:00', '2015-01-08 13:00:00', 15, NULL, 2),
(1331, NULL, '2015-01-08 13:30:00', '2015-01-08 13:15:00', 15, NULL, 2),
(1332, NULL, '2015-01-08 13:45:00', '2015-01-08 13:30:00', 15, NULL, 2),
(1333, NULL, '2015-01-08 14:00:00', '2015-01-08 13:45:00', 15, NULL, 2),
(1334, NULL, '2015-01-08 14:15:00', '2015-01-08 14:00:00', 15, NULL, 2),
(1335, NULL, '2015-01-08 14:30:00', '2015-01-08 14:15:00', 15, NULL, 2),
(1336, NULL, '2015-01-08 14:45:00', '2015-01-08 14:30:00', 15, NULL, 2),
(1337, NULL, '2015-01-08 15:00:00', '2015-01-08 14:45:00', 15, NULL, 2),
(1338, NULL, '2015-01-08 15:15:00', '2015-01-08 15:00:00', 15, NULL, 2),
(1339, NULL, '2015-01-08 15:30:00', '2015-01-08 15:15:00', 15, NULL, 2),
(1340, NULL, '2015-01-08 15:45:00', '2015-01-08 15:30:00', 15, NULL, 2),
(1341, NULL, '2015-01-08 16:00:00', '2015-01-08 15:45:00', 15, NULL, 2),
(1342, NULL, '2015-01-13 08:15:00', '2015-01-13 08:00:00', 15, NULL, 2),
(1343, NULL, '2015-01-13 08:30:00', '2015-01-13 08:15:00', 15, NULL, 2),
(1344, NULL, '2015-01-13 08:45:00', '2015-01-13 08:30:00', 15, NULL, 2),
(1345, NULL, '2015-01-13 09:00:00', '2015-01-13 08:45:00', 15, NULL, 2),
(1346, NULL, '2015-01-13 09:15:00', '2015-01-13 09:00:00', 15, NULL, 2),
(1347, NULL, '2015-01-13 09:30:00', '2015-01-13 09:15:00', 15, NULL, 2),
(1348, NULL, '2015-01-13 09:45:00', '2015-01-13 09:30:00', 15, NULL, 2),
(1349, NULL, '2015-01-13 10:00:00', '2015-01-13 09:45:00', 15, NULL, 2),
(1350, NULL, '2015-01-13 10:15:00', '2015-01-13 10:00:00', 15, NULL, 2),
(1351, NULL, '2015-01-13 10:30:00', '2015-01-13 10:15:00', 15, NULL, 2),
(1352, NULL, '2015-01-13 10:45:00', '2015-01-13 10:30:00', 15, NULL, 2),
(1353, NULL, '2015-01-13 11:00:00', '2015-01-13 10:45:00', 15, NULL, 2),
(1354, NULL, '2015-01-13 11:15:00', '2015-01-13 11:00:00', 15, NULL, 2),
(1355, NULL, '2015-01-13 11:30:00', '2015-01-13 11:15:00', 15, NULL, 2),
(1356, NULL, '2015-01-13 11:45:00', '2015-01-13 11:30:00', 15, NULL, 2),
(1357, NULL, '2015-01-13 12:00:00', '2015-01-13 11:45:00', 15, NULL, 2),
(1358, NULL, '2015-01-13 12:15:00', '2015-01-13 12:00:00', 15, NULL, 2),
(1359, NULL, '2015-01-13 12:30:00', '2015-01-13 12:15:00', 15, NULL, 2),
(1360, NULL, '2015-01-13 12:45:00', '2015-01-13 12:30:00', 15, NULL, 2),
(1361, NULL, '2015-01-13 13:00:00', '2015-01-13 12:45:00', 15, NULL, 2),
(1362, NULL, '2015-01-13 13:15:00', '2015-01-13 13:00:00', 15, NULL, 2),
(1363, NULL, '2015-01-13 13:30:00', '2015-01-13 13:15:00', 15, NULL, 2),
(1364, NULL, '2015-01-13 13:45:00', '2015-01-13 13:30:00', 15, NULL, 2),
(1365, NULL, '2015-01-13 14:00:00', '2015-01-13 13:45:00', 15, NULL, 2),
(1366, NULL, '2015-01-13 14:15:00', '2015-01-13 14:00:00', 15, NULL, 2),
(1367, NULL, '2015-01-13 14:30:00', '2015-01-13 14:15:00', 15, NULL, 2),
(1368, NULL, '2015-01-13 14:45:00', '2015-01-13 14:30:00', 15, NULL, 2),
(1369, NULL, '2015-01-13 15:00:00', '2015-01-13 14:45:00', 15, NULL, 2),
(1370, NULL, '2015-01-13 15:15:00', '2015-01-13 15:00:00', 15, NULL, 2),
(1371, NULL, '2015-01-13 15:30:00', '2015-01-13 15:15:00', 15, NULL, 2),
(1372, NULL, '2015-01-13 15:45:00', '2015-01-13 15:30:00', 15, NULL, 2),
(1373, NULL, '2015-01-13 16:00:00', '2015-01-13 15:45:00', 15, NULL, 2),
(1374, NULL, '2015-01-15 08:15:00', '2015-01-15 08:00:00', 15, NULL, 2),
(1375, NULL, '2015-01-15 08:30:00', '2015-01-15 08:15:00', 15, NULL, 2),
(1376, NULL, '2015-01-15 08:45:00', '2015-01-15 08:30:00', 15, NULL, 2),
(1377, NULL, '2015-01-15 09:00:00', '2015-01-15 08:45:00', 15, NULL, 2),
(1378, NULL, '2015-01-15 09:15:00', '2015-01-15 09:00:00', 15, NULL, 2),
(1379, NULL, '2015-01-15 09:30:00', '2015-01-15 09:15:00', 15, NULL, 2),
(1380, NULL, '2015-01-15 09:45:00', '2015-01-15 09:30:00', 15, NULL, 2),
(1381, NULL, '2015-01-15 10:00:00', '2015-01-15 09:45:00', 15, NULL, 2),
(1382, NULL, '2015-01-15 10:15:00', '2015-01-15 10:00:00', 15, NULL, 2),
(1383, NULL, '2015-01-15 10:30:00', '2015-01-15 10:15:00', 15, NULL, 2),
(1384, NULL, '2015-01-15 10:45:00', '2015-01-15 10:30:00', 15, NULL, 2),
(1385, NULL, '2015-01-15 11:00:00', '2015-01-15 10:45:00', 15, NULL, 2),
(1386, NULL, '2015-01-15 11:15:00', '2015-01-15 11:00:00', 15, NULL, 2),
(1387, NULL, '2015-01-15 11:30:00', '2015-01-15 11:15:00', 15, NULL, 2),
(1388, NULL, '2015-01-15 11:45:00', '2015-01-15 11:30:00', 15, NULL, 2),
(1389, NULL, '2015-01-15 12:00:00', '2015-01-15 11:45:00', 15, NULL, 2),
(1390, NULL, '2015-01-15 12:15:00', '2015-01-15 12:00:00', 15, NULL, 2),
(1391, NULL, '2015-01-15 12:30:00', '2015-01-15 12:15:00', 15, NULL, 2),
(1392, NULL, '2015-01-15 12:45:00', '2015-01-15 12:30:00', 15, NULL, 2),
(1393, NULL, '2015-01-15 13:00:00', '2015-01-15 12:45:00', 15, NULL, 2),
(1394, NULL, '2015-01-15 13:15:00', '2015-01-15 13:00:00', 15, NULL, 2),
(1395, NULL, '2015-01-15 13:30:00', '2015-01-15 13:15:00', 15, NULL, 2),
(1396, NULL, '2015-01-15 13:45:00', '2015-01-15 13:30:00', 15, NULL, 2),
(1397, NULL, '2015-01-15 14:00:00', '2015-01-15 13:45:00', 15, NULL, 2),
(1398, NULL, '2015-01-15 14:15:00', '2015-01-15 14:00:00', 15, NULL, 2),
(1399, NULL, '2015-01-15 14:30:00', '2015-01-15 14:15:00', 15, NULL, 2),
(1400, NULL, '2015-01-15 14:45:00', '2015-01-15 14:30:00', 15, NULL, 2),
(1401, NULL, '2015-01-15 15:00:00', '2015-01-15 14:45:00', 15, NULL, 2),
(1402, NULL, '2015-01-15 15:15:00', '2015-01-15 15:00:00', 15, NULL, 2),
(1403, NULL, '2015-01-15 15:30:00', '2015-01-15 15:15:00', 15, NULL, 2),
(1404, NULL, '2015-01-15 15:45:00', '2015-01-15 15:30:00', 15, NULL, 2),
(1405, NULL, '2015-01-15 16:00:00', '2015-01-15 15:45:00', 15, NULL, 2),
(1406, NULL, '2015-01-20 08:15:00', '2015-01-20 08:00:00', 15, NULL, 2),
(1407, NULL, '2015-01-20 08:30:00', '2015-01-20 08:15:00', 15, NULL, 2),
(1408, NULL, '2015-01-20 08:45:00', '2015-01-20 08:30:00', 15, NULL, 2),
(1409, NULL, '2015-01-20 09:00:00', '2015-01-20 08:45:00', 15, NULL, 2),
(1410, NULL, '2015-01-20 09:15:00', '2015-01-20 09:00:00', 15, NULL, 2),
(1411, NULL, '2015-01-20 09:30:00', '2015-01-20 09:15:00', 15, NULL, 2),
(1412, NULL, '2015-01-20 09:45:00', '2015-01-20 09:30:00', 15, NULL, 2);
INSERT INTO `visit` (`id`, `description`, `endTime`, `startTime`, `doctorId`, `patientId`, `roomId`) VALUES
(1413, NULL, '2015-01-20 10:00:00', '2015-01-20 09:45:00', 15, NULL, 2),
(1414, NULL, '2015-01-20 10:15:00', '2015-01-20 10:00:00', 15, NULL, 2),
(1415, NULL, '2015-01-20 10:30:00', '2015-01-20 10:15:00', 15, NULL, 2),
(1416, NULL, '2015-01-20 10:45:00', '2015-01-20 10:30:00', 15, NULL, 2),
(1417, NULL, '2015-01-20 11:00:00', '2015-01-20 10:45:00', 15, NULL, 2),
(1418, NULL, '2015-01-20 11:15:00', '2015-01-20 11:00:00', 15, NULL, 2),
(1419, NULL, '2015-01-20 11:30:00', '2015-01-20 11:15:00', 15, NULL, 2),
(1420, NULL, '2015-01-20 11:45:00', '2015-01-20 11:30:00', 15, NULL, 2),
(1421, NULL, '2015-01-20 12:00:00', '2015-01-20 11:45:00', 15, NULL, 2),
(1422, NULL, '2015-01-20 12:15:00', '2015-01-20 12:00:00', 15, NULL, 2),
(1423, NULL, '2015-01-20 12:30:00', '2015-01-20 12:15:00', 15, NULL, 2),
(1424, NULL, '2015-01-20 12:45:00', '2015-01-20 12:30:00', 15, NULL, 2),
(1425, NULL, '2015-01-20 13:00:00', '2015-01-20 12:45:00', 15, NULL, 2),
(1426, NULL, '2015-01-20 13:15:00', '2015-01-20 13:00:00', 15, NULL, 2),
(1427, NULL, '2015-01-20 13:30:00', '2015-01-20 13:15:00', 15, NULL, 2),
(1428, NULL, '2015-01-20 13:45:00', '2015-01-20 13:30:00', 15, NULL, 2),
(1429, NULL, '2015-01-20 14:00:00', '2015-01-20 13:45:00', 15, NULL, 2),
(1430, NULL, '2015-01-20 14:15:00', '2015-01-20 14:00:00', 15, NULL, 2),
(1431, NULL, '2015-01-20 14:30:00', '2015-01-20 14:15:00', 15, NULL, 2),
(1432, NULL, '2015-01-20 14:45:00', '2015-01-20 14:30:00', 15, NULL, 2),
(1433, NULL, '2015-01-20 15:00:00', '2015-01-20 14:45:00', 15, NULL, 2),
(1434, NULL, '2015-01-20 15:15:00', '2015-01-20 15:00:00', 15, NULL, 2),
(1435, NULL, '2015-01-20 15:30:00', '2015-01-20 15:15:00', 15, NULL, 2),
(1436, NULL, '2015-01-20 15:45:00', '2015-01-20 15:30:00', 15, NULL, 2),
(1437, NULL, '2015-01-20 16:00:00', '2015-01-20 15:45:00', 15, NULL, 2),
(1438, NULL, '2015-01-22 08:15:00', '2015-01-22 08:00:00', 15, NULL, 2),
(1439, NULL, '2015-01-22 08:30:00', '2015-01-22 08:15:00', 15, NULL, 2),
(1440, NULL, '2015-01-22 08:45:00', '2015-01-22 08:30:00', 15, NULL, 2),
(1441, NULL, '2015-01-22 09:00:00', '2015-01-22 08:45:00', 15, NULL, 2),
(1442, NULL, '2015-01-22 09:15:00', '2015-01-22 09:00:00', 15, NULL, 2),
(1443, NULL, '2015-01-22 09:30:00', '2015-01-22 09:15:00', 15, NULL, 2),
(1444, NULL, '2015-01-22 09:45:00', '2015-01-22 09:30:00', 15, NULL, 2),
(1445, NULL, '2015-01-22 10:00:00', '2015-01-22 09:45:00', 15, NULL, 2),
(1446, NULL, '2015-01-22 10:15:00', '2015-01-22 10:00:00', 15, NULL, 2),
(1447, NULL, '2015-01-22 10:30:00', '2015-01-22 10:15:00', 15, NULL, 2),
(1448, NULL, '2015-01-22 10:45:00', '2015-01-22 10:30:00', 15, NULL, 2),
(1449, NULL, '2015-01-22 11:00:00', '2015-01-22 10:45:00', 15, NULL, 2),
(1450, NULL, '2015-01-22 11:15:00', '2015-01-22 11:00:00', 15, NULL, 2),
(1451, NULL, '2015-01-22 11:30:00', '2015-01-22 11:15:00', 15, NULL, 2),
(1452, NULL, '2015-01-22 11:45:00', '2015-01-22 11:30:00', 15, NULL, 2),
(1453, NULL, '2015-01-22 12:00:00', '2015-01-22 11:45:00', 15, NULL, 2),
(1454, NULL, '2015-01-22 12:15:00', '2015-01-22 12:00:00', 15, NULL, 2),
(1455, NULL, '2015-01-22 12:30:00', '2015-01-22 12:15:00', 15, NULL, 2),
(1456, NULL, '2015-01-22 12:45:00', '2015-01-22 12:30:00', 15, NULL, 2),
(1457, NULL, '2015-01-22 13:00:00', '2015-01-22 12:45:00', 15, NULL, 2),
(1458, NULL, '2015-01-22 13:15:00', '2015-01-22 13:00:00', 15, NULL, 2),
(1459, NULL, '2015-01-22 13:30:00', '2015-01-22 13:15:00', 15, NULL, 2),
(1460, NULL, '2015-01-22 13:45:00', '2015-01-22 13:30:00', 15, NULL, 2),
(1461, NULL, '2015-01-22 14:00:00', '2015-01-22 13:45:00', 15, NULL, 2),
(1462, NULL, '2015-01-22 14:15:00', '2015-01-22 14:00:00', 15, NULL, 2),
(1463, NULL, '2015-01-22 14:30:00', '2015-01-22 14:15:00', 15, NULL, 2),
(1464, NULL, '2015-01-22 14:45:00', '2015-01-22 14:30:00', 15, NULL, 2),
(1465, NULL, '2015-01-22 15:00:00', '2015-01-22 14:45:00', 15, NULL, 2),
(1466, NULL, '2015-01-22 15:15:00', '2015-01-22 15:00:00', 15, NULL, 2),
(1467, NULL, '2015-01-22 15:30:00', '2015-01-22 15:15:00', 15, NULL, 2),
(1468, NULL, '2015-01-22 15:45:00', '2015-01-22 15:30:00', 15, NULL, 2),
(1469, NULL, '2015-01-22 16:00:00', '2015-01-22 15:45:00', 15, NULL, 2),
(1470, NULL, '2015-01-27 08:15:00', '2015-01-27 08:00:00', 15, NULL, 2),
(1471, NULL, '2015-01-27 08:30:00', '2015-01-27 08:15:00', 15, NULL, 2),
(1472, NULL, '2015-01-27 08:45:00', '2015-01-27 08:30:00', 15, NULL, 2),
(1473, NULL, '2015-01-27 09:00:00', '2015-01-27 08:45:00', 15, NULL, 2),
(1474, NULL, '2015-01-27 09:15:00', '2015-01-27 09:00:00', 15, NULL, 2),
(1475, NULL, '2015-01-27 09:30:00', '2015-01-27 09:15:00', 15, NULL, 2),
(1476, NULL, '2015-01-27 09:45:00', '2015-01-27 09:30:00', 15, NULL, 2),
(1477, NULL, '2015-01-27 10:00:00', '2015-01-27 09:45:00', 15, NULL, 2),
(1478, NULL, '2015-01-27 10:15:00', '2015-01-27 10:00:00', 15, NULL, 2),
(1479, NULL, '2015-01-27 10:30:00', '2015-01-27 10:15:00', 15, NULL, 2),
(1480, NULL, '2015-01-27 10:45:00', '2015-01-27 10:30:00', 15, NULL, 2),
(1481, NULL, '2015-01-27 11:00:00', '2015-01-27 10:45:00', 15, NULL, 2),
(1482, NULL, '2015-01-27 11:15:00', '2015-01-27 11:00:00', 15, NULL, 2),
(1483, NULL, '2015-01-27 11:30:00', '2015-01-27 11:15:00', 15, NULL, 2),
(1484, NULL, '2015-01-27 11:45:00', '2015-01-27 11:30:00', 15, NULL, 2),
(1485, NULL, '2015-01-27 12:00:00', '2015-01-27 11:45:00', 15, NULL, 2),
(1486, NULL, '2015-01-27 12:15:00', '2015-01-27 12:00:00', 15, NULL, 2),
(1487, NULL, '2015-01-27 12:30:00', '2015-01-27 12:15:00', 15, NULL, 2),
(1488, NULL, '2015-01-27 12:45:00', '2015-01-27 12:30:00', 15, NULL, 2),
(1489, NULL, '2015-01-27 13:00:00', '2015-01-27 12:45:00', 15, NULL, 2),
(1490, NULL, '2015-01-27 13:15:00', '2015-01-27 13:00:00', 15, NULL, 2),
(1491, NULL, '2015-01-27 13:30:00', '2015-01-27 13:15:00', 15, NULL, 2),
(1492, NULL, '2015-01-27 13:45:00', '2015-01-27 13:30:00', 15, NULL, 2),
(1493, NULL, '2015-01-27 14:00:00', '2015-01-27 13:45:00', 15, NULL, 2),
(1494, NULL, '2015-01-27 14:15:00', '2015-01-27 14:00:00', 15, NULL, 2),
(1495, NULL, '2015-01-27 14:30:00', '2015-01-27 14:15:00', 15, NULL, 2),
(1496, NULL, '2015-01-27 14:45:00', '2015-01-27 14:30:00', 15, NULL, 2),
(1497, NULL, '2015-01-27 15:00:00', '2015-01-27 14:45:00', 15, NULL, 2),
(1498, NULL, '2015-01-27 15:15:00', '2015-01-27 15:00:00', 15, NULL, 2),
(1499, NULL, '2015-01-27 15:30:00', '2015-01-27 15:15:00', 15, NULL, 2),
(1500, NULL, '2015-01-27 15:45:00', '2015-01-27 15:30:00', 15, NULL, 2),
(1501, NULL, '2015-01-27 16:00:00', '2015-01-27 15:45:00', 15, NULL, 2),
(1502, NULL, '2015-01-29 08:15:00', '2015-01-29 08:00:00', 15, NULL, 2),
(1503, NULL, '2015-01-29 08:30:00', '2015-01-29 08:15:00', 15, NULL, 2),
(1504, NULL, '2015-01-29 08:45:00', '2015-01-29 08:30:00', 15, NULL, 2),
(1505, NULL, '2015-01-29 09:00:00', '2015-01-29 08:45:00', 15, NULL, 2),
(1506, NULL, '2015-01-29 09:15:00', '2015-01-29 09:00:00', 15, NULL, 2),
(1507, NULL, '2015-01-29 09:30:00', '2015-01-29 09:15:00', 15, NULL, 2),
(1508, NULL, '2015-01-29 09:45:00', '2015-01-29 09:30:00', 15, NULL, 2),
(1509, NULL, '2015-01-29 10:00:00', '2015-01-29 09:45:00', 15, NULL, 2),
(1510, NULL, '2015-01-29 10:15:00', '2015-01-29 10:00:00', 15, NULL, 2),
(1511, NULL, '2015-01-29 10:30:00', '2015-01-29 10:15:00', 15, NULL, 2),
(1512, NULL, '2015-01-29 10:45:00', '2015-01-29 10:30:00', 15, NULL, 2),
(1513, NULL, '2015-01-29 11:00:00', '2015-01-29 10:45:00', 15, NULL, 2),
(1514, NULL, '2015-01-29 11:15:00', '2015-01-29 11:00:00', 15, NULL, 2),
(1515, NULL, '2015-01-29 11:30:00', '2015-01-29 11:15:00', 15, NULL, 2),
(1516, NULL, '2015-01-29 11:45:00', '2015-01-29 11:30:00', 15, NULL, 2),
(1517, NULL, '2015-01-29 12:00:00', '2015-01-29 11:45:00', 15, NULL, 2),
(1518, NULL, '2015-01-29 12:15:00', '2015-01-29 12:00:00', 15, NULL, 2),
(1519, NULL, '2015-01-29 12:30:00', '2015-01-29 12:15:00', 15, NULL, 2),
(1520, NULL, '2015-01-29 12:45:00', '2015-01-29 12:30:00', 15, NULL, 2),
(1521, NULL, '2015-01-29 13:00:00', '2015-01-29 12:45:00', 15, NULL, 2),
(1522, NULL, '2015-01-29 13:15:00', '2015-01-29 13:00:00', 15, NULL, 2),
(1523, NULL, '2015-01-29 13:30:00', '2015-01-29 13:15:00', 15, NULL, 2),
(1524, NULL, '2015-01-29 13:45:00', '2015-01-29 13:30:00', 15, NULL, 2),
(1525, NULL, '2015-01-29 14:00:00', '2015-01-29 13:45:00', 15, NULL, 2),
(1526, NULL, '2015-01-29 14:15:00', '2015-01-29 14:00:00', 15, NULL, 2),
(1527, NULL, '2015-01-29 14:30:00', '2015-01-29 14:15:00', 15, NULL, 2),
(1528, NULL, '2015-01-29 14:45:00', '2015-01-29 14:30:00', 15, NULL, 2),
(1529, NULL, '2015-01-29 15:00:00', '2015-01-29 14:45:00', 15, NULL, 2),
(1530, NULL, '2015-01-29 15:15:00', '2015-01-29 15:00:00', 15, NULL, 2),
(1531, NULL, '2015-01-29 15:30:00', '2015-01-29 15:15:00', 15, NULL, 2),
(1532, NULL, '2015-01-29 15:45:00', '2015-01-29 15:30:00', 15, NULL, 2),
(1533, NULL, '2015-01-29 16:00:00', '2015-01-29 15:45:00', 15, NULL, 2);

-- --------------------------------------------------------

--
-- Struktura tabeli dla  `visits`
--

CREATE TABLE IF NOT EXISTS `visits` (
  `id` int(11) NOT NULL AUTO_INCREMENT,
  `doctor_id` int(11) NOT NULL,
  `room_id` int(11) NOT NULL,
  `patient_id` int(11) NOT NULL,
  `start_time` timestamp NOT NULL DEFAULT '0000-00-00 00:00:00',
  `end_time` timestamp NOT NULL DEFAULT '0000-00-00 00:00:00',
  `description` varchar(4096) COLLATE utf8_bin NOT NULL,
  PRIMARY KEY (`id`),
  KEY `visits_doctor_FK` (`doctor_id`),
  KEY `visits_patients_FK` (`patient_id`),
  KEY `visits_room_FK` (`room_id`)
) ENGINE=InnoDB DEFAULT CHARSET=utf8 COLLATE=utf8_bin AUTO_INCREMENT=1 ;

--
-- Zrzut danych tabeli `visits`
--


--
-- Ograniczenia dla zrzutów tabel
--

--
-- Ograniczenia dla tabeli `doctor`
--
ALTER TABLE `doctor`
  ADD CONSTRAINT `doctor_ibfk_2` FOREIGN KEY (`user_id`) REFERENCES `user` (`id`) ON DELETE CASCADE ON UPDATE CASCADE;

--
-- Ograniczenia dla tabeli `menu_role`
--
ALTER TABLE `menu_role`
  ADD CONSTRAINT `menu_role_ibfk_1` FOREIGN KEY (`menu_id`) REFERENCES `menu` (`id`) ON DELETE CASCADE ON UPDATE CASCADE,
  ADD CONSTRAINT `menu_role_ibfk_2` FOREIGN KEY (`role_id`) REFERENCES `role` (`id`) ON DELETE CASCADE ON UPDATE CASCADE;

--
-- Ograniczenia dla tabeli `patient`
--
ALTER TABLE `patient`
  ADD CONSTRAINT `patient_ibfk_1` FOREIGN KEY (`user_id`) REFERENCES `user` (`id`) ON DELETE CASCADE ON UPDATE CASCADE;

--
-- Ograniczenia dla tabeli `permission_role`
--
ALTER TABLE `permission_role`
  ADD CONSTRAINT `permission_role_ibfk_1` FOREIGN KEY (`role_id`) REFERENCES `role` (`id`) ON DELETE CASCADE ON UPDATE CASCADE,
  ADD CONSTRAINT `permission_role_ibfk_2` FOREIGN KEY (`permission_id`) REFERENCES `permission` (`id`) ON DELETE CASCADE ON UPDATE CASCADE;

--
-- Ograniczenia dla tabeli `user`
--
ALTER TABLE `user`
  ADD CONSTRAINT `user_ibfk_1` FOREIGN KEY (`role_id`) REFERENCES `role` (`id`) ON DELETE CASCADE ON UPDATE CASCADE;

--
-- Ograniczenia dla tabeli `visit`
--
ALTER TABLE `visit`
  ADD CONSTRAINT `FK_7ex2ry61rsfxbkv39c9uey1eg` FOREIGN KEY (`roomId`) REFERENCES `room` (`id`),
  ADD CONSTRAINT `FK_itwum9w13tmofmtx20ppjnrib` FOREIGN KEY (`doctorId`) REFERENCES `doctor` (`id`),
  ADD CONSTRAINT `FK_ltomia60g3hx57stghrkb2582` FOREIGN KEY (`patientId`) REFERENCES `patient` (`id`);

--
-- Ograniczenia dla tabeli `visits`
--
ALTER TABLE `visits`
  ADD CONSTRAINT `visits_ibfk_1` FOREIGN KEY (`doctor_id`) REFERENCES `doctor` (`id`) ON DELETE CASCADE ON UPDATE CASCADE,
  ADD CONSTRAINT `visits_ibfk_2` FOREIGN KEY (`room_id`) REFERENCES `room` (`id`) ON DELETE CASCADE ON UPDATE CASCADE,
  ADD CONSTRAINT `visits_ibfk_3` FOREIGN KEY (`patient_id`) REFERENCES `patient` (`id`) ON DELETE CASCADE ON UPDATE CASCADE;
